-- phpMyAdmin SQL Dump
-- version 4.4.15.5
-- http://www.phpmyadmin.net
--
-- Хост: 127.0.0.1:3306
-- Время создания: Авг 17 2017 г., 09:27
-- Версия сервера: 5.5.48
-- Версия PHP: 7.0.4

SET SQL_MODE = "NO_AUTO_VALUE_ON_ZERO";
SET time_zone = "+00:00";


/*!40101 SET @OLD_CHARACTER_SET_CLIENT=@@CHARACTER_SET_CLIENT */;
/*!40101 SET @OLD_CHARACTER_SET_RESULTS=@@CHARACTER_SET_RESULTS */;
/*!40101 SET @OLD_COLLATION_CONNECTION=@@COLLATION_CONNECTION */;
/*!40101 SET NAMES utf8mb4 */;

--
-- База данных: `rps`
--

-- --------------------------------------------------------

--
-- Структура таблицы `articles`
--

CREATE TABLE IF NOT EXISTS `articles` (
  `id` int(11) NOT NULL,
  `title` varchar(100) NOT NULL,
  `text` text NOT NULL,
  `type` varchar(50) NOT NULL,
  `date` date NOT NULL
) ENGINE=InnoDB AUTO_INCREMENT=9 DEFAULT CHARSET=utf8;

--
-- Дамп данных таблицы `articles`
--

INSERT INTO `articles` (`id`, `title`, `text`, `type`, `date`) VALUES
(1, 'Контакты', '<p>\r\nПредседатель Райпрофсожа РУП «Гомельское отделение Белорусской железной дороги» <i>Сущинский Виталий Валентинович</i><br>\r\n\r\nЗаместитель председателя Райпрофсожа РУП «Гомельское отделение Белорусской железной дороги<i>» Моисеенко Владимир Фёдорович\r\n</i></p>\r\n<p>\r\n<b>Контактная информация:</b><br>\r\nТел. (+375 232) 95-27-34<br>\r\nФакс (+375 232) 95-27-34, факс (+375 232) 77-46-75<br>\r\nАдрес: 246022, Республика Беларусь, г.Гомель, ул. Ветковская, 5,<br>\r\n</p>\r\n<p>\r\n<b>Е – mail</b><br>\r\n<u>Для пользователей в домене RW:</u><br>\r\nMaslakova@gomel.rw<br>\r\nrps_ot@gomel.rw<br>\r\n</p>\r\n<p>\r\n<u>Для пользователей сети Интернет:</u><br>\r\nGlbuh_rpsozh@nod.gomel.by <br>\r\n\r\n</p>', '', '2017-08-03'),
(2, 'Направления деятельности', '<ul>\r\n   \r\n <li>Представительство и защита профессиональных, социально-трудовых и иных связанных с ними прав и законных интересов членов Профсоюза;\r\n </li>\r\n <li>Участие в разработке системы организации и оплаты труда работников, форм материального поощрения, размеров тарифных ставок (окладов) и нормирования труда;\r\n </li><li>123<br></li>\r\n <li>Участие в разработке и реализации программ занятости работников;\r\n </li>\r\n <li>Контроль за состоянием условий и охраны труда, экологической безопасности;\r\n </li>\r\n <li>Содействие обеспечению и расширение социальных гарантий;\r\n </li>\r\n <li>Осуществление общественного контроля за соблюдением нанимателем или уполномоченным им органом управления законодательства Республики Беларусь о труде и профессиональных союзах;\r\n </li>\r\n <li>Развитие системы социального партнерства;\r\n </li>\r\n <li>Содействие реализации конституционных положений о социальной направленности государства Республики Беларусь;\r\n </li>\r\n <li>Содействие благотворительным и другим организациям социальной направленности, действующим в интересах членов Профсоюза;\r\n </li>\r\n <li>Осуществление иной деятельности, не противоречащей законодательству Республики Беларусь, по реализации своих уставных целей и задач. \r\n</li>\r\n</ul>', '', '2017-08-10'),
(3, 'Основные задачи профсоюза', '\n<h3 class="text-center text-primary"><?=$this->article->getTitle()?></h3>\n<p>\n    <?=$this->article->getText()?>\n</p>', '', '2017-08-04'),
(4, 'Информационный день', '<h2>Проведение информационного дня Дорпрофсожа 17.09.2015 на Гомельском узле </h2>\n			<p>\n				&nbsp;&nbsp;&nbsp;Визит руководителей и специалистов Республиканского комитета профсоюза железнодорожников и транспортных строителей на Гомельский железнодорожный узел Гомельского отделения Белорусской железной дороги 17.09.2015 года был связан с проведением информационного дня Дорпрофсожа.\n				<br>&nbsp;&nbsp;&nbsp;В рамках информационного дня председателем Дорпрофсожа Рингом В.И., его заместителем Вайтеховичем И.А. и главным техническим инспектором Новиком А.И. посещались Локомотивное депо Гомель, Гомельская дистанция пути  и Гомельский вагонный участок.\n				<br>&nbsp;&nbsp;&nbsp;На предприятиях представители Дорпрофсожа посетили профсоюзные комитеты, провели встречи с руководителями организаций, беседовали с работниками.\n				<br>&nbsp;&nbsp;&nbsp;В завершении своего пребывания на Гомельском железнодорожном узле руководством Дорпрофсожа было проведено совещание с профактивом Гомельского Райпрофсожа.\n				<br>&nbsp;&nbsp;&nbsp;С положительной стороны была отмечена работа профсоюзных комитетов, их информационная деятельность, проводимые мероприятия по избирательной компании в Республике Беларусь, проведение детского летнего оздоровительного сезона и многое другое.\n			</p>\n			<br>\n                        <img src="/public/images/static/infoday2015-09-17/DSCI2884_2.jpg" width="100%">\n			<img src="/public/images/static/infoday2015-09-17/IMG_0026_2.jpg" width="100%">\n			<img src="/public/images/static/infoday2015-09-17/IMG_0029_2.jpg" width="100%">\n			<img src="/public/images/static/infoday2015-09-17/IMG_0030_2.jpg" width="100%">\n			<img src="/public/images/static/infoday2015-09-17/IMG_0031_2.jpg" width="100%">\n			<img src="/public/images/static/infoday2015-09-17/IMG_0035_2.jpg" width="100%">\n			<img src="/public/images/static/infoday2015-09-17/IMG_0037_2.jpg" width="100%">\n			<img src="/public/images/static/infoday2015-09-17/IMG_0038_2.jpg" width="100%">\n			<img src="/public/images/static/infoday2015-09-17/IMG_0040_2.jpg" width="100%">\n			<img src="/public/images/static/infoday2015-09-17/IMG_0064_2.jpg" width="100%">\n			<img src="/public/images/static/infoday2015-09-17/IMG_0068_2.jpg" width="100%">\n			<img src="/public/images/static/infoday2015-09-17/IMG_0071_2.jpg" width="100%">\n			<img src="/public/images/static/infoday2015-09-17/IMG_0074_2.jpg" width="100%">\n			<img src="/public/images/static/infoday2015-09-17/IMG_0089_2.jpg" width="100%">\n			<img src="/public/images/static/infoday2015-09-17/IMG_0093_2.jpg" width="100%">\n			<img src="/public/images/static/infoday2015-09-17/IMG_0094_2.jpg" width="100%">\n	', '', '2017-08-04'),
(5, 'Спортакиады', ' <img src="/public/images/static/oblsp2015-09-18/IMG_0051_2.jpg" width="100%"> 			<img src="/public/images/static/oblsp2015-09-18/IMG_0058_2.jpg" width="100%"> 			<img src="/public/images/static/oblsp2015-09-18/IMG_0065_2.jpg" width="100%"> 			<img src="/public/images/static/oblsp2015-09-18/IMG_0096_2.jpg" width="100%"> 			<img src="/public/images/static/oblsp2015-09-18/IMG_0099_2.jpg" width="100%"> 			<img src="/public/images/static/oblsp2015-09-18/IMG_0105_2.jpg" width="100%"> 			<img src="/public/images/static/oblsp2015-09-18/IMG_0118_2.jpg" width="100%"> 			<img src="/public/images/static/oblsp2015-09-18/IMG_0123_2.jpg" width="100%"> 			<img src="/public/images/static/oblsp2015-09-18/IMG_0137_2.jpg" width="100%"> 			<img src="/public/images/static/oblsp2015-09-18/IMG_0139_2.jpg" width="100%"> 			<img src="/public/images/static/oblsp2015-09-18/IMG_0151_2.jpg" width="100%"> 			<img src="/public/images/static/oblsp2015-09-18/IMG_0163_2.jpg" width="100%"> 			<img src="/public/images/static/oblsp2015-09-18/IMG_0166_2.jpg" width="100%"> 			<img src="/public/images/static/oblsp2015-09-18/IMG_0173_2.jpg" width="100%"> 			<img src="/public/images/static/oblsp2015-09-18/IMG_0174_2.jpg" width="100%"> 			<img src="/public/images/static/oblsp2015-09-18/IMG_0180_2.jpg" width="100%"> 			<img src="/public/images/static/oblsp2015-09-18/IMG_0217_2.jpg" width="100%"> 			<img src="/public/images/static/oblsp2015-09-18/IMG_0230_2.jpg" width="100%"> 			<img src="/public/images/static/oblsp2015-09-18/IMG_0232_2.jpg" width="100%"> 			<img src="/public/images/static/oblsp2015-09-18/IMG_0234_2.jpg" width="100%"> 			<img src="/public/images/static/oblsp2015-09-18/IMG_0237_2.jpg" width="100%"> 			<img src="/public/images/static/oblsp2015-09-18/IMG_0242_2.jpg" width="100%">', '', '2017-08-04'),
(6, 'Оздоровление', '\n<h2 >Оздоровление железнодорожников и их детей на Гомельском отделении дороги </h2>\n\n\n&nbsp;&nbsp;&nbsp;В течение 2015 года в соответствии с условиями Коллективного договора РУП «Гомельское отделение Белорусской железной дороги, в плане содействия администрации, профсоюзными работниками и профактивом Гомельского Райпрофсожа была проведена большая организационная работа по оздоровлению работников предприятий и их детей.\n<br>&nbsp;&nbsp;&nbsp;Оздоровление проводилось в Санатории РУП «Гомельское отделение Белорусской железной дороги», а так же находящимися на его балансе оздоровительном лагере летнего круглосуточного пребывания детей и базе отдыха «Лесные дали», других санаториях Белорусской железной дороги.\n<br>&nbsp;&nbsp;&nbsp;Уже сложилось хорошей профсоюзной традицией к началу летнего детского оздоровительного сезона приобретать в оздоровительный лагерь «Лесные дали» для детей дополнительную музыкальную и видеотехнику, детскую литературу и спортивный инвентарь, закупать поливитамины и т.д.\n<br>&nbsp;&nbsp;&nbsp;Вот и в 2015 году Райпрофсожем на эти нужды были перечислены финансовые средства в сумме 14,2 млн. рублей, профсоюзными комитетами оплачивались выступления артистов Гомельской филармонии, Культурно-спортивного комплекса Гомельского отделения дороги, кукольного театра.\n<br>&nbsp;&nbsp;&nbsp;Кроме этого Райпрофсожем в летний период времени была организована поездка на оздоровление для работников и их детей на Черноморское побережье в г.Анапа.\n<br>&nbsp;&nbsp;&nbsp;Всего в 2015 году прошли оздоровление за счет средств нанимателя, ЧАЭС, соцстраха и профбюджета Райпрофсожа 3705 человек, 1261 из которых дети.\n<br>\n<br>&nbsp;&nbsp;&nbsp;Сведения по оздоровлению железнодорожников и их детей за 12 месяцев 2015 года по Гомельскому отделению дороги:\n\n<table class="table-bordered table-condensed"> \n    <tbody><tr>\n            <td width="70%" align="center">Источник финансирования</td>\n            <td width="15%" align="center">Оздоровлено человек</td>\n            <td width="15%" align="center">В том числе детей</td>\n        </tr>\n        <tr>\n            <td width="70%" align="left">Санаторий РУП «Гомельское отделение Белорусской железной дороги» за счет средств нанимателя</td>\n            <td width="15%" align="right">3 117</td>\n            <td width="15%" align="right">896</td>\n        </tr>\n        <tr>\n            <td width="70%" align="left">Санатории, оздоровительные организации других отделений Белорусской железной дороги за счет средств нанимателя</td>\n            <td width="15%" align="right">65</td>\n            <td width="15%" align="right">21</td>\n        </tr>\n        <tr>\n            <td width="70%" align="left">За счет средств ЧАЭС</td>\n            <td width="15%" align="right">252</td>\n            <td width="15%" align="right">252</td>\n        </tr>\n        <tr>\n            <td width="70%" align="left">За счет средств соцстраха</td>\n            <td width="15%" align="right">21</td>\n            <td width="15%" align="right">14</td>\n        </tr>\n        <tr>\n            <td width="70%" align="left">За счет средств профбюджета Райпрофсожа г.Анапа</td>\n            <td width="15%" align="right">250</td>\n            <td width="15%" align="right">78</td>\n        </tr>\n    </tbody></table>\n<p></p>\n<br>\n<img src="/public/images/static/health/img_20160118_01.jpg" width="100%">\n<img src="/public/images/static/health/img_20160118_02.jpg" width="100%">\n<img src="/public/images/static/health/img_20160118_03.jpg" width="100%">\n\n<br>\n<br>\n<br>\n\n<img src="/public/images/static/health/discount_0001.jpg" width="100%">\n<img src="/public/images/static/health/discount_0002.jpg" width="100%">\n<img src="/public/images/static/health/discount_0003.jpg" width="100%">			\n', '', '2017-08-05'),
(7, 'Основные задачи', '<ul>\r\n    <li>Защита прав и законных интересов членов Профсоюза, а также представительство интересов работников железнодорожного транспорта, транспортного строительства и других организаций (структурных подразделений) в социальном партнерстве, включая ведение коллективных переговоров, заключение Отраслевого соглашения, коллективных договоров, осуществление контроля за их выполнением;</li>\r\n    <li>Обеспечение защиты права члена профсоюза на рабочее место, соответствующее государственным стандартам условий охраны и безопасности труда;</li>\r\n    <li>Обеспечение защиты права члена Профсоюза на справедливую и своевременную оплату труда в полном размере;</li>\r\n    <li>Контроль за соблюдением нанимателями (их представителями) законодательства о труде и иных нормативных правовых актов, содержащих нормы трудового права, защита членов Профсоюза от незаконных взысканий, увольнений и других противоправных действий;</li>\r\n    <li>Обеспечение каждому члену Профсоюза гарантий и компенсаций, предусмотренных законодательством, Отраслевым соглашением, коллективными договорами, другими нормативными правовыми актами;</li>\r\n    <li>Реальное повышение жизненного уровня каждого члена Профсоюза;</li>\r\n    <li>Защита прав и законных интересов членов Профсоюза при реорганизации, ликвидации, приватизации, смене собственника организации (структурного подразделения);</li>\r\n    <li> Социальная поддержка членов Профсоюза. </li>\r\n    \r\n</ul>', '', '2017-08-04'),
(8, 'Структура', '<div align="center"><u><big><big>Структура профсоюзных комитетов&nbsp; структурных и дочерних предприятий</big></big></u><br></div><u><big><big><br></big></big></u>', '', '2017-08-08');

-- --------------------------------------------------------

--
-- Структура таблицы `articles_img`
--

CREATE TABLE IF NOT EXISTS `articles_img` (
  `id` int(11) NOT NULL,
  `path` varchar(255) NOT NULL,
  `news_id` int(11) NOT NULL
) ENGINE=InnoDB AUTO_INCREMENT=4 DEFAULT CHARSET=utf8;

--
-- Дамп данных таблицы `articles_img`
--

INSERT INTO `articles_img` (`id`, `path`, `news_id`) VALUES
(3, 'img_8_10743.jpg ', 8);

-- --------------------------------------------------------

--
-- Структура таблицы `browsers`
--

CREATE TABLE IF NOT EXISTS `browsers` (
  `id` int(11) NOT NULL,
  `platform` varchar(30) NOT NULL,
  `browser` varchar(50) NOT NULL,
  `version` varchar(20) NOT NULL,
  `view` int(11) NOT NULL,
  `date` timestamp NOT NULL DEFAULT CURRENT_TIMESTAMP
) ENGINE=InnoDB AUTO_INCREMENT=15 DEFAULT CHARSET=utf8;

--
-- Дамп данных таблицы `browsers`
--

INSERT INTO `browsers` (`id`, `platform`, `browser`, `version`, `view`, `date`) VALUES
(1, 'Windows', 'Opera Next', '46.0.2597.57', 23, '2017-08-08 07:45:24'),
(2, 'Windows', 'Firefox', '54.0', 39, '2017-08-14 08:31:58'),
(8, 'Windows', 'MSIE', '11.0', 28, '2017-08-14 10:25:00'),
(9, 'Windows', 'MSIE', '8.0', 8, '2017-08-10 08:42:45'),
(10, 'Windows', 'Opera Next', '36.0.2130.80', 2, '2017-08-03 05:10:13'),
(14, 'Windows', 'Chrome', '60.0.3112.90', 1, '2017-08-10 11:02:32');

-- --------------------------------------------------------

--
-- Структура таблицы `building`
--

CREATE TABLE IF NOT EXISTS `building` (
  `id` int(11) NOT NULL,
  `controller` varchar(100) NOT NULL,
  `action` varchar(100) NOT NULL,
  `block` smallint(6) NOT NULL,
  `value` text NOT NULL,
  `enabled` tinyint(1) NOT NULL DEFAULT '0'
) ENGINE=InnoDB AUTO_INCREMENT=3 DEFAULT CHARSET=utf8;

--
-- Дамп данных таблицы `building`
--

INSERT INTO `building` (`id`, `controller`, `action`, `block`, `value`, `enabled`) VALUES
(1, 'index', 'index', 0, '           <!-- Carousel\r\n            ================================================== -->\r\n            <div id="myCarousel" class="carousel slide" data-ride="carousel">\r\n                <!-- Indicators -->\r\n                <ol class="carousel-indicators">\r\n                    <li data-target="#myCarousel" data-slide-to="0" class="active"></li>\r\n                    <li data-target="#myCarousel" data-slide-to="1"></li>\r\n                    <li data-target="#myCarousel" data-slide-to="2"></li>\r\n                </ol>\r\n                <div class="carousel-inner">     \r\n                    \r\n                    <?php \r\n                    $i== 0;\r\n                    foreach ($this->news as $news) : ?>\r\n                    <?php                        \r\n                       if ($i == 0){\r\n                           \r\n                           echo ''<div class="item active">'';\r\n                       }\r\n                       else \r\n                           echo ''<div class="item ">''; \r\n                       $i++;\r\n                    ?>\r\n                     \r\n                         \r\n                    <img src="<?= $news->getRandomImage()->getPath()?>" style="margin: 0;">\r\n                            <div class="carousel-caption">\r\n                                <p><?= $news->getDate()?></p><h2 class="text-muted"> &nbsp;&nbsp;<?= $news->getTitle() ?></h2>\r\n                                <p><?= $news->getShortText() ?></p>\r\n                                <p> <a href="<?=URL?>news/view/<?=$news->getId()?>"  class="btn btn-sm btn-primary" role="button">&nbsp;&nbsp;Подробнее....</a></p>\r\n                            </div>\r\n                       \r\n                    </div>\r\n                    <?php endforeach; ?>\r\n                </div>\r\n                <a class="left carousel-control" href="#myCarousel" data-slide="prev"><span class="glyphicon glyphicon-chevron-left"></span></a>\r\n                <a class="right carousel-control" href="#myCarousel" data-slide="next"><span class="glyphicon glyphicon-chevron-right"></span></a>\r\n            </div><!-- /.carousel -->', 1),
(2, 'index', 'index', 1, '      <!-- Three columns of text below the carousel -->\r\n            <div class="row">\r\n             \r\n                <?php \r\n                    foreach ($this->news as $news) : ?>\r\n                        <div class="col-lg-4">\r\n                  \r\n                    <img class="img-rounded " src="<?= $news->getRandomImage()->getPath()?>" style="width: 15em; height: 15em;">\r\n                    <p><?= $news->getDate()?></p><h4> <?= $news->getTitle() ?></h4>\r\n                    <p><?= $news->getShortText() ?></p>\r\n                    <p><a class="btn btn-default" href="<?=URL?>news/view/<?=$news->getId()?>" role="button">Читать подробности</a></p>\r\n           \r\n                </div><!-- /.col-lg-4 -->\r\n             <?php endforeach; ?>\r\n            </div><!-- /.row -->', 1);

-- --------------------------------------------------------

--
-- Структура таблицы `comments`
--

CREATE TABLE IF NOT EXISTS `comments` (
  `id` int(11) NOT NULL,
  `newsId` int(11) NOT NULL,
  `text` text NOT NULL
) ENGINE=InnoDB AUTO_INCREMENT=283 DEFAULT CHARSET=utf8;

--
-- Дамп данных таблицы `comments`
--

INSERT INTO `comments` (`id`, `newsId`, `text`) VALUES
(80, 175, '1'),
(81, 175, '2'),
(82, 175, '3'),
(83, 175, '4'),
(84, 175, '5'),
(85, 175, '6'),
(86, 175, '7'),
(87, 175, '8'),
(88, 175, '9'),
(89, 175, '10'),
(90, 174, '1'),
(91, 174, '2'),
(92, 174, '3'),
(93, 174, '4'),
(94, 174, '5'),
(95, 174, '6'),
(96, 174, '7'),
(97, 174, '8'),
(98, 174, '9'),
(99, 174, '10'),
(100, 173, '1'),
(101, 173, '2'),
(102, 173, '3'),
(103, 173, '4'),
(104, 173, '5'),
(105, 173, '6'),
(106, 173, '7'),
(107, 173, '8'),
(108, 173, '9'),
(109, 173, '10'),
(110, 172, '1'),
(111, 172, '2'),
(112, 172, '3'),
(113, 172, '4'),
(114, 172, '5'),
(115, 172, '6'),
(116, 172, '7'),
(117, 172, '8'),
(118, 172, '9'),
(119, 172, '10'),
(120, 171, '1'),
(121, 171, '2'),
(122, 171, '3'),
(123, 171, '4'),
(124, 171, '5'),
(125, 171, '6'),
(126, 171, '7'),
(127, 171, '8'),
(128, 171, '9'),
(129, 171, '10'),
(130, 170, '1'),
(131, 170, '2'),
(132, 170, '3'),
(133, 170, '4'),
(134, 170, '5'),
(135, 170, '6'),
(136, 170, '7'),
(137, 170, '8'),
(138, 170, '9'),
(139, 170, '10'),
(140, 169, '1'),
(141, 169, '2'),
(142, 169, '3'),
(143, 169, '4'),
(144, 169, '5'),
(145, 169, '6'),
(146, 169, '7'),
(147, 169, '8'),
(148, 169, '9'),
(149, 169, '10'),
(150, 168, '1'),
(151, 168, '2'),
(152, 168, '3'),
(153, 168, '4'),
(154, 168, '5'),
(155, 168, '6'),
(156, 168, '7'),
(157, 168, '8'),
(158, 168, '9'),
(159, 168, '10'),
(160, 167, '1'),
(161, 167, '2'),
(162, 167, '3'),
(163, 167, '4'),
(164, 167, '5'),
(165, 167, '6'),
(166, 167, '7'),
(167, 167, '8'),
(168, 167, '9'),
(169, 167, '10'),
(170, 166, '1'),
(171, 166, '2'),
(172, 166, '3'),
(173, 166, '4'),
(174, 166, '5'),
(175, 166, '6'),
(176, 166, '7'),
(177, 166, '8'),
(178, 166, '9'),
(179, 166, '10'),
(180, 165, '1'),
(181, 165, '2'),
(182, 165, '3'),
(183, 165, '4'),
(184, 165, '5'),
(185, 165, '6'),
(186, 165, '7'),
(187, 165, '8'),
(188, 165, '9'),
(189, 165, '10'),
(200, 163, '1'),
(201, 163, '2'),
(202, 163, '3'),
(203, 163, '4'),
(204, 163, '5'),
(205, 163, '6'),
(206, 163, '7'),
(207, 163, '8'),
(208, 163, '9'),
(209, 163, '19'),
(210, 162, '1'),
(211, 162, '2'),
(212, 162, '3'),
(213, 162, '4'),
(214, 162, '5'),
(215, 162, '6'),
(216, 162, '7'),
(217, 162, '8'),
(218, 162, '9'),
(219, 162, '10'),
(220, 161, '1'),
(221, 161, ''),
(222, 161, '3'),
(223, 161, '4'),
(224, 161, '5'),
(225, 161, '6'),
(226, 161, '7'),
(227, 161, '8'),
(228, 161, '9'),
(229, 161, '10'),
(230, 160, '1'),
(231, 160, '2'),
(232, 160, '3'),
(233, 160, '4'),
(234, 160, '5'),
(235, 160, '6'),
(236, 160, '7'),
(237, 160, '8'),
(238, 160, '9'),
(239, 160, '10'),
(240, 159, '1'),
(241, 159, '2'),
(242, 159, '3'),
(243, 159, '4'),
(244, 159, '5'),
(245, 159, '6'),
(246, 159, '7'),
(247, 159, '8'),
(248, 159, '9'),
(249, 159, '10'),
(250, 158, '1'),
(251, 158, '2'),
(252, 158, '3'),
(253, 158, '4'),
(254, 158, '5'),
(255, 158, '6'),
(256, 158, '7'),
(257, 158, '8'),
(258, 158, '9'),
(259, 158, '10'),
(260, 140, '1'),
(261, 140, '2'),
(262, 140, '3'),
(263, 140, '4'),
(264, 140, '5'),
(265, 140, '6'),
(266, 140, '7'),
(267, 140, '8'),
(268, 140, '9'),
(269, 140, '10'),
(270, 139, '1'),
(271, 139, '2'),
(272, 139, '3'),
(273, 139, '4'),
(274, 139, '5'),
(275, 139, '6'),
(276, 139, '7'),
(277, 139, '8'),
(278, 139, '9'),
(279, 139, '10'),
(280, 175, '11'),
(281, 175, '12'),
(282, 173, '333');

-- --------------------------------------------------------

--
-- Структура таблицы `news`
--

CREATE TABLE IF NOT EXISTS `news` (
  `id` int(11) NOT NULL,
  `title` varchar(100) DEFAULT NULL,
  `text` text,
  `date` date DEFAULT NULL
) ENGINE=InnoDB AUTO_INCREMENT=193 DEFAULT CHARSET=utf8;

--
-- Дамп данных таблицы `news`
--

INSERT INTO `news` (`id`, `title`, `text`, `date`) VALUES
(139, 'Caching middleware with Expressive', 'On the Zend Framework blog Enrico Zimuel has posted a tutorial showing you how to use middleware caching in Zend Expressive to help increase the overall performance of your application.\n\n    Performance is one of the key feature for web application. Using a middleware architecture makes it very simple to implement a caching system in PHP.\n\n    The general idea is to store the response output of a URL in a file (or in memory, using memcached) and use it for subsequent requests. In this way we can bypass the execution of the previous middlewares starting from the second request.\n\n    Of course, this technique can only be applied for static contents, that does not require update for each HTTP request.\n\nHe shows how to implement the &amp;amp;amp;amp;amp;amp;amp;quot;cachable&amp;amp;amp;amp;amp;amp;amp;quot; middleware, starting with a version that caches the return content based on the URL requested. He then shows how to configure the caching system to specify settings like path, lifetime and the enabled/disabled state. This is stored as a PHP configuration where the autoloader can get to it and the class as a dependency on the middleware itself.\n', '2017-07-12'),
(140, 'Episode 17 - Symfony 4', 'You can listen to this latest episode either using the in-page audio player or by downloading the audio file directly. If you enjoy the show, be sure to subscribe to their feed and follow them on Twitter for the latest updates.', '2017-07-28'),
(158, 'Волонтеры: «Только немцы решили приютить бездомных белорусских животных, граждане стали возмущаться»', 'Устраивать белорусских животных в Германии и Австрии помогают пятеро волонтеров и одно зоозащитное объединение. Ребята говорят, что немцы и австрийцы готовы оплачивать лечение, оформление и перевозку кошек и собак из Беларуси, лишь бы только их не усыпили. За полгода немцы и австрийцы уже приютили около 600 животных.\n\n— Чтобы вы сразу понимали. Для немцев и австрийцев такие вещи, как забрать животных из другой страны, вполне обыденны. У них есть несколько программ по спасению животных в других странах. К примеру, они также забирают животных из Греции, Испании, Румынии, так как там ситуация с ними довольно сложная, — объясняет Инна. Бывшая брестчанка, она переехала в Германию 14 лет назад. А вот международным волонтером стала совсем недавно: когда в Бресте начались проблемы с приютом для животных.', '2017-07-25'),
(159, 'В Витебске лось разгуливает прямо в центре города', '\r\n <b>Представительство и защита профессиональных, </b>социально-трудовых и иных связанных с ними прав и законных интересов членов Профсоюза;\r\n<br><br>Участие в разработке системы организации и оплаты труда работников, форм материального поощрения, размеров тарифных ставок (окладов) и нормирования труда;\r\n \r\n Участие в разработке и реализации программ занятости работников;\r\n \r\n Контроль за состоянием условий и охраны труда, экологической безопасности;\r\n \r\n Содействие обеспечению и расширение социальных гарантий;\r\n \r\n Осуществление общественного контроля за соблюдением нанимателем или уполномоченным им органом управления законодательства Республики Беларусь о труде и профессиональных союзах;\r\n \r\n Развитие системы социального партнерства;\r\n \r\n Содействие реализации конституционных положений о социальной направленности государства Республики Беларусь;\r\n \r\n Содействие благотворительным и другим организациям социальной направленности, действующим в интересах членов Профсоюза;\r\n \r\n Осуществление иной деятельности, не противоречащей законодательству Республики Беларусь, по реализации своих уставных целей и задач. \r\n\r\n', '2017-08-31'),
(160, 'Ролевые игры: женщина обманывала, представлялась таможенницей, гаишницей и полковником милиции ', '43-летняя могилевчанка с августа 2015 года по апрель 2017-го в Могилеве, Минске и Славгороде обманным путем завладела более 780 000 белорусских рублей. Представляясь гражданам начальником Минской региональной таможни, замначальника ГАИ и начальником других отделов УВД Могилевского облисполкома, полковником милиции на высокопоставленной должности, она убеждала граждан, что имеет доступ к якобы конфискованному имуществу, которое она вправе продать по имеющимся у нее полномочиям.\n\nСтоимость этого имущества женщина умышленно занижала в десятки раз.\n\n— Для убедительности она надевала форменное обмундирование сотрудника милиции и назначала места встречи вблизи административных зданий органов внутренних дел. За сделки получала деньги как в валюте, так и в белорусских рублях и обещала, что в ближайшее время люди получат купленное имущество, а переданные ей денежные средства идут в доход государства, — рассказал замначальника управления уголовного розыска криминальной милиции УВД Алексей Бондаренко.\n\nПри заключении очередной сделки подозреваемая была задержана.\n\nВ настоящее время с заявлениями в милицию обратились шесть потерпевших, но по информации, имеющейся у сотрудников уголовного розыска, их количество \nУСК Республики Беларусь по Могилевской области возбуждено уголовное дело в соответствии с ч. 4 ст. 209 (мошенничество, совершенное в особо крупном размере) УК, которая предусматривает  лишение свободы до пятнадцати лет с конфискацией имущества.\n\nПодозреваемая была ранее неоднократно судима по ст. 209 УК (мошенничество) за аналогичные преступления. Милиция просит граждан, располагающих информацией о противоправных деяниях подозреваемой, обратиться по тел. 8 (0222) 295-523, 295-518, 295-507 или 102.\n', '2017-07-08'),
(161, 'Старое дело: угонщик, уходя от погони, ударил авто инспекторов и вытолкнул его на другую машину ', 'Летом 2005 года после смены инспектор Лидской ГАИ Олег Воронин с товарищем собирался на местное озеро искупаться. Словом, ничего не предвещало беды. Вдруг по радиостанции передали: по трассе М6 в направлении Лиды на большой скорости движется угонщик, который сметает все на своем пути. Экипаж решил включиться в погоню, которая закончилась серьезной аварией.\r\n\r\nПредыстория такова: житель областного центра ехал из Гродно в Минск. Чтобы в дороге было не так скучно, на выезде из города водитель взял попутчика. Тому тоже нужно было в столицу. В Щучинском районе машину остановил экипаж ГАИ, водитель превысил скорость. По требованию инспектора он съехал на обочину, заглушил мотор и, оставив ключи в замке зажигания, последовал за инспектором составлять протокол и оплачивать штраф. Как только водитель сел в машину инспекторов, незнакомец перебрался за руль, завел машину и стал уезжать, стремительно набирая скорость. Сотрудники Госавтоинспекции начали преследование, передав информацию коллегам.\r\n\r\nВторой экипаж, включившийся в погоню, попытался перегородить путь угонщику грузовиком, но и это оказалось бесполезно. Инспектор Лидской ГАИ, пытавшийся остановить его, за секунду до наезда успел спрыгнуть в кювет. Присоединился третий экипаж. А угонщик был настроен решительно и только увеличивал скорость. Сам он управлял Honda, а инспекторы были на «Жигулях».\r\n\r\n«Мы понимали, что последняя возможность перехватить его — это Слонимская развязка, или 161-й километр трассы М6. Поэтому решили пропускать его по одной стороне и стрелять по колесам. Где-то вдалеке я уже слышал сирены, зарядил пистолет, высунулся в окно и приготовился стрелять. Но угонщик, видимо, предположил, что мы будем действовать именно так, и на всей скорости пошел на таран нашего автомобиля», — вспоминает Олег Воронин.\r\n\r\nА скорость эта была немаленькая — порядка 160 км/ч. Первый удар пришелся в зад служебного автомобиля, машину стало крутить, дальше последовал еще удар в водительскую дверь и наконец третий — столкновение с проезжающей мимо машиной. К слову, служебный автомобиль, который принимал на себя удары, только поступил на вооружение ОГАИ. Экипаж получил новенькую «десятку» буквально пару недель назад. Сломав переднее сидение, инспектор Воронин перелетел в заднюю часть салона и приземлился головой вниз', '2017-07-12'),
(162, 'Весна, девушки, ТИБО. Репортаж с главной IT-выставки страны ', '\r\n\r\nВ Минске стартовала международная выставка ТИБО-2017, которая традиционно собирает компании, так или иначе связанные с технологиями, связью, образованием и некоторыми другими сферами. В этом году чуть более широко представлен оператор life:), стенд которого в 2016-м был почти незаметен. На месте — в прямом и переносном смысле — МТС и velcom.\r\n\r\nВыставка ТИБО редко становится временем и местом, где происходят громкие анонсы новых проектов. Чаще мы слышим либо о чем-то, что появится в нашей стране в обозримом будущем, либо о том, что уже вовсю работает. Тем не менее посетить мероприятие всегда интересно — хотя бы посмотреть, насколько продвинулись компании.', '2017-07-06'),
(163, 'Xiaomi представила флагманский Mi 6 за $360 ', '<strong>4 августа в столице собрались лучшие представители трудовых коллективов дороги, представленные к награждению высшими отраслевыми наградами, прошли торжественные мероприятия, посвященные профессиональному празднику.\r\n\r\nВо Дворце культуры и спорта железнодорожников состоялась торжественная церемония награждения отраслевыми наградами Министерства транспорта и коммуникаций Республики Беларусь и Белорусской железной дороги.\r\n\r\nНаградами министерства были отмечены 55 работников белорусской магистрали. 20 человек отмечены знаком «Ганаровы транспартнiк», 35 человек — Почетной грамотой</strong>.\r\n', '2017-09-07'),
(165, 'МЧС определило требования к стресс-тестам БелАЭС', 'Министерство по чрезвычайным ситуациям Беларуси утвердило нормы и правила по обеспечению ядерной и радиационной безопасности «Требования к проведению стресс-тестов (целевой переоценки безопасности) атомной электростанции». Это предусмотрено постановлением министерства № 12 от 12 апреля 2017 года, которое сегодня официально опубликовано на Национальном правовом интернет-портале.\r\n\r\nДанные нормы и правила устанавливают требования к проведению стресс-тестов (целевой переоценки безопасности) атомной электростанции на всех этапах жизненного цикла, а также определяют сведения, предоставляемые по результатам проведения стресс-тестов.\r\n\r\nОбласть действия требований к проведению стресс-тестов (целевой переоценки безопасности) АЭС определяется внешними исходными событиями, c учетом событий, произошедших на АЭС «Фукусима-1», включая их комбинации с учетом технических требований к проведению стресс-тестов для европейских АЭС (Declaration of ENSREG, Annex 1 «EU „Stress-test“ specifications») и требований к национальным отчетам по результатам стресс-тестов (Post-Fukushima «stress tests» of European nuclear power plants — contents and format of National Reports).\r\n\r\nПри проведении целевой переоценки безопасности АЭС на любом этапе жизненного цикла должны быть рассмотрены внешние исходные события (землетрясение, затопление, экстремальные погодные условия, включая их комбинации), последствия потери функций безопасности от указанных внешних исходных событий на площадке размещения АЭС (потеря электроснабжения, включая полное обесточивание АЭС; потеря конечного поглотителя тепла; комбинация потери электроснабжения и потери конечного поглотителя тепла), вопросы управления тяжелой аварией (средства защиты от потери функции охлаждения активной зоны и средства управления при потере функции охлаждения активной зоны; средства защиты от потери функции охлаждения бассейна выдержки отработавшего ядерного топлива и средства управления при потере функции охлаждения бассейна выдержки отработавшего ядерного топлива; средства защиты от потери целостности защитной оболочки и средства управления при потере целостности защитной оболочки).\r\n', '2017-07-19'),
(166, 'Задолженность белорусов за коммуналку превысила 119 миллионов рублей', 'Задолженность населения за жилищно-коммунальные услуги выросла до 119,2 миллиона рублей. Только за январь-март этого года долг увеличился на 12,4 миллиона рублей, сообщает портал коммунальной грамотности населения со ссылкой на Минжилкомхоз.\r\nФото: Дмитрий Брушко, TUT.BY\r\nФото: Дмитрий Брушко, TUT.BY\r\n\r\nК примеру, просроченная задолженность минчан за «коммуналку» на начало года составляла около 2,16 миллиона рублей. Директор Минского городского жилищного хозяйства Виталий Смирнов ранее заявил, почему считает эту сумму приемлемой и не видит смысла в увеличении пени за просроченную оплату.\r\n\r\n<br><br>В Минжилкомхозе намерены снизить затраты на оказание ЖКУ населению и себестоимость производства. «За три месяца этого года экономия затрат составила 29,09 миллиона рублей, или 31,2% от годового задания. Такие показатели достигнуты за счет оптимизации численности работающих, снижения цены на природный газ, выполнения мероприятий по энергосбережению, снижения технологических потерь воды и тепловой энергии и других мер», — уточняется на портале коммунальной грамотности населения.\r\n\r\nРанее сообщалось, что в Могилеве впервые с аукциона продадут квартиру должника за коммунальные услуги. Могилевчанин вообще не оплачивал жировку с октября 2015 года и задолжал почти 4,6 тысячи рублей, из которых 3,12 тысячи — пеня.\r\nЧитать полностью:  https://finance.tut.by/news540385.html\r\n', '2017-06-14'),
(167, 'На торгах 20 апреля рубль сдал к доллару и евро  ', 'На Белорусской валютно-фондовой бирже 20 апреля прошли очередные торги валютами.\n\nДоллар укрепился на BYN0,0027 — до 1,8826 рубля.\n\nЕвро укрепился на на BYN0,0046 — до 2,0208 рубля.\n\nРоссийский рубль снизился на BYN0,015 — до 3,3332 рубля за 100 российских рублей.\n\nВ курсообразовании Нацбанк использует механизм сглаживания дневных колебаний курса рубля к корзине валют, в которой удельный вес российского рубля составляет 50%, доллара США — 30%, евро — 20%.\n\nС 6 марта продолжительность торговой сессии на валютных торгах БВФБ увеличена на 1 час.\n', '2017-06-13'),
(168, '&amp;amp;quot;Барселону&amp;amp;quot; из Лиги чемпионов', 'Итальянский «Ювентус» и французский «Монако» вышли в полуфинал футбольной Лиги чемпионов.\n\n«Барселона», уступившая «Ювентусу» в гостевом матче со счетом 0:3, имела множество голевых возможностей в ответной игре, но крайне неудачно действовала в завершающей стадии атак: из 17 ударов «сине-гранатовых» в створ ворот пришелся лишь один.\n\nМесси, Суарес, Роберто, Неймар, Маскерано упустили ряд шансов принести команде победу и теперь могут сконцентрироваться на борьбе за титул в чемпионате Испании. Итоговый счет матча — 0:0.\n\n«Барселона»: Тер Штеген, Умтити, Пике, Альба, Серджи Роберто (Маскерано, 78), Ракитич (Пако Алькасер, 58), Бускетс, Иньеста, Неймар, Месси, Суарес.\n\n«Ювентус»: Буффон, Бонуччи, Алекс Сандро, Дани Алвес, Кьеллини, Хедира, Пьянич, Куадрадо (Лемина, 84), Манджукич, Дибала (Бардзальи, 75), Игуаин (Асамоа, 88).\nЧитать полностью:  https://sport.tut.by/news/football/534043.html\n', '2017-06-20'),
(169, 'В США теннисный матч прервали из-за пары, громко занимающейся сексом', 'По информации издания, рядом с кортом, где проходил матч, находятся апартаменты. Там, скорее всего, и остановилась сладкая парочка, когда не дала сосредоточиться на игре как самим теннисистам, так и зрителям.\n\nОдин из спортсменов долгое время пытался сконцентрироваться на игре, но потом крикнул: «Это не может быть настолько хорошо!». После нескольких перерывов теннисный матч все-таки продолжился.\nЧитать полностью:  https://sport.tut.by/news/aboutsport/540317.html\n', '2017-06-08'),
(170, 'Гандболисты минского СКА поспорят за бронзу в Балтийской лиге ', 'В эстонской Пыльве подопечные Игоря Папруги в полуфинальном матче с финским «Риихиямяки» были близки к победе, но в концовке не реализовали свои шансы и уступили соперникам в минимальной разницей в счете — 35:36 (18:21).\n\nНа последней минуте основного времени Никита Вайлупов мог сравнять результат, но не сумел переиграть голкипера финской дружины.\n\nВ составе «Риихимяки» выступают бывшие игроки минского СКА Александр Бочко, Александр Титов, Юрий Лукьянчук и Андрей Колярович, которые внесли немалый вклад в это победу.\n\nЛучшим у армейцев в полуфинальном матче стал Алексей Шинкель, забросивший 11 мячей. Кроме него ворота соперников поражали Иван Бровко — 7, Никита Вайлупов — 5, Владислав Кулеш — 4, Вадим Гайдученко — 3, Вячеслав Бохан, Михаил Жила, Денис Крицкий, Александр Подшивалов, Артур Карвацкий — по 1.\n\nМинчане два сезона подряд встречались с финской дружиной в решающих поединках Балтийской лиги — в 2015 году успех был на стороне белорусов — 41:22, а в 2016-м соперники взяли реванш — 36:32.\n\nСегодня вице-чемпионы Беларуси в матче за 3-е место сыграют с хозяином «Финала четырех» эстонской «Пыльвой», которая накануне уступила дорогу к главному матчу украинскому ЗТР из Запорожья, уступив 23:31.\n\nБрестский гандбольный клуб имени Мешкова, который принимает решающий этап SEHA-лиги, также не сумел выйти в финал. В полуфинальной встрече с венгерским «Веспремом» брестчане проиграли в серии послематчевых пенальти (31:33). Сегодня команда Сергея Бебешко встретится в матче за бронзу с хорватским «Загребом», проигравшим македонскому «Вардару» из Скопье (28:36). Нынешние медальные поединки полностью повторяют встречи прошлого сезона: год назад в борьбе за главный приз «Веспрем» переиграл «Вардар» — 28:26, а «Загреб» одолел БГК имени Мешкова — 24:23.\nЧитать полностью:  https://sport.tut.by/news/handball/538761.html\n', '2017-05-17'),
(171, 'PHP', 'PHP (/pi:.eɪtʃ.pi:/ англ. PHP: Hypertext Preprocessor — «PHP: препроцессор гипертекста»; первоначально Personal Home Page Tools[9] — «Инструменты для создания персональных веб-страниц») — скриптовый язык[10] общего назначения, интенсивно применяемый для разработки веб-приложений. В настоящее время поддерживается подавляющим большинством хостинг-провайдеров и является одним из лидеров среди языков, применяющихся для создания динамических веб-сайтов[11].\r\n\r\nЯзык и его интерпретатор (Zend Engine) разрабатываются группой энтузиастов в рамках проекта с открытым кодом[12]. Проект распространяется под собственной лицензией, несовместимой с GNU GPL.', '2017-06-12'),
(172, 'Что такое PHP (пи-эйч-пи)', 'Здравствуйте уважаемые будущие программисты. Начинаем знакомство с очередным языком программирования — PHP.\n\nПрежде чем начать произносить умные определения, попробую объяснить Вам , что такое PHP, на примере из жизни.\n\nПредставьте что наш сайт — это дом. Красивый дом с бежевыми стенами, зелёной крышей, белыми окнами, шоколадными дверями.\n\nИ внутри красота. Прекрасные обои, плитка, сантехника, мебель, и даже посуда.\n\nТак вот, вся эта картинка создаётся на html и css.\n\nА вот чтобы вдохнуть в Ваш дом жизнь, чтоб в нём появились люди, стали общаться и что-то делать, да и чтоб другие люди смогли всё это увидеть нужен php.\n\nУ такой компьютерной жизни есть название — интерактивность, и создаётся она языком программирования PHP.\n\nНу а теперь более научное определение.\n\nPHP — это язык программирования, специально разработанный для написания web-приложений (сценариев) и вот что о нём написано в Википедии:\n\n«PHP (англ. PHP: Hypertext Preprocessor  — «Инструменты для создания персональных веб-страниц»; произносится пи-эйч-пи) — скриптовый язык программирования общего назначения, интенсивно применяемый для разработки веб-приложений. В настоящее время  является одним из лидеров среди языков программирования, применяющихся для создания сайтов».', '2017-06-21'),
(173, 'Урок 4. Комментарии в PHP', 'Вы скорее всего уже знаете о существовании комментариев в HTML. Тогда Вы сталкивались с подобной конструкцией\n\n&amp;lt;!-- Комментарий в HTML коде. \nОн не отображается при выводе страницы, \nно виден в браузере при просмотре кода страницы --&amp;gt;\n\n\nКомментарии в PHP нужны для того, чтобы зафиксировать зрительно или пометить какой-либо участок кода непосредственно в скрипте и виден он будет только там, в отличие от HTML, где в браузере они видны только при просмотре кода странциы.\n\nВ PHP существует несколько способов создать комментарий. Напомню ещё раз, что все они игнорируются интерпретатором PHP и не выводятся на экран как результат работы кода, а существуют только в не проработанном скрипте, чтобы человеку был сразу виден тот или иной блок и была сразу понятна суть работы, например, отдельно взятой функции\n\n1. Использование двух слэшей. Взят из семейства языков C. Скрывает только одну строку\n\n2. Использование знака #. Происходит из скриптовых языков UNIX\n\n3. Последний вид - много строчный комментарий. Взят из языков C ( /* комментарий */ \n', '2017-06-13'),
(174, 'An Introduction to Laravel Authorization Gates', 'Laravel Gate has an elegant mechanism to ensure users are authorized to perform actions on resources.\n\nBefore version 5.1, developers used ACL packages such as Entrust or Sentinel along with middlewares for authorization.\nThe problem with this approach is the permissions you attach to users are just flags; they don’t encode the complex logic of the permission for some use cases. We have to write the actual access logic within controllers.\n\nGate avoids some drawbacks of using just these mentioned packages:\n\nOpinionated use case: Gate doesn’t define how you implement your models; it is up to you. This gives you the freedom to write all the complex specs your use case has however you like. You can even use ACL packages with Laravel Gate.\nDefining logic(policy): Using Gate we can decouple access logic from business logic, which helps remove the clutter from controllers.', '2017-05-16'),
(175, 'Learn How to Send an Email on Error Exceptions', 'You’ve created a new Laravel app for your client and deployed\nit on the production server. Everything was working fine till a\ncustomer has a problem with the app because of some buggy code.\nHe immediately leaves the app, and the same thing happens with\nmultiple customers before you know about the bug. You fix the\nbug, and then everything is on &amp;amp;amp;amp;lt;b&amp;amp;amp;amp;gt;track.&amp;amp;amp;amp;lt;/b&amp;amp;amp;amp;gt;\nBut what if you were notified immediately through e-mail \nanother service) about the bug and you fix it ASAP. In Laravel,\nthis can be done easily and in this post, we’re going to learn\nhow.\nIn Laravel, all exceptions are handled by the\nAppExceptionsHandler class. This class contains two methods:\nreport and render. We’re only interested in report method; it\nis used to log exceptions or send them to an external service\nlike Bugsnag or Sentry. By default, the report method simply\npasses the exception to the base class where the exception is\nlogged. However, we can use it to send an email to developers\nabout the exception.', '2017-05-19'),
(176, 'привет 2019', 'привет 2016', '2016-10-19'),
(184, '333', '2323\r\n987456321\r\n0000111110222\r\n', '2016-11-10'),
(187, '111', '', '2016-08-10'),
(188, 'hello', '<!--[if gte mso 9]><xml>\r\n <w:WordDocument>\r\n  <w:View>Normal</w:View>\r\n  <w:Zoom>0</w:Zoom>\r\n  <w:TrackMoves/>\r\n  <w:TrackFormatting/>\r\n  <w:PunctuationKerning/>\r\n  <w:ValidateAgainstSchemas/>\r\n  <w:SaveIfXMLInvalid>false</w:SaveIfXMLInvalid>\r\n  <w:IgnoreMixedContent>false</w:IgnoreMixedContent>\r\n  <w:AlwaysShowPlaceholderText>false</w:AlwaysShowPlaceholderText>\r\n  <w:DoNotPromoteQF/>\r\n  <w:LidThemeOther>RU</w:LidThemeOther>\r\n  <w:LidThemeAsian>X-NONE</w:LidThemeAsian>\r\n  <w:LidThemeComplexScript>X-NONE</w:LidThemeComplexScript>\r\n  <w:Compatibility>\r\n   <w:BreakWrappedTables/>\r\n   <w:SnapToGridInCell/>\r\n   <w:WrapTextWithPunct/>\r\n   <w:UseAsianBreakRules/>\r\n   <w:DontGrowAutofit/>\r\n   <w:SplitPgBreakAndParaMark/>\r\n   <w:DontVertAlignCellWithSp/>\r\n   <w:DontBreakConstrainedForcedTables/>\r\n   <w:DontVertAlignInTxbx/>\r\n   <w:Word11KerningPairs/>\r\n   <w:CachedColBalance/>\r\n  </w:Compatibility>\r\n  <w:BrowserLevel>MicrosoftInternetExplorer4</w:BrowserLevel>\r\n  <m:mathPr>\r\n   <m:mathFont m:val="Cambria Math"/>\r\n   <m:brkBin m:val="before"/>\r\n   <m:brkBinSub m:val="&#45;-"/>\r\n   <m:smallFrac m:val="off"/>\r\n   <m:dispDef/>\r\n   <m:lMargin m:val="0"/>\r\n   <m:rMargin m:val="0"/>\r\n   <m:defJc m:val="centerGroup"/>\r\n   <m:wrapIndent m:val="1440"/>\r\n   <m:intLim m:val="subSup"/>\r\n   <m:naryLim m:val="undOvr"/>\r\n  </m:mathPr></w:WordDocument>\r\n</xml><![endif]-->\r\n\r\n<h2>Торжественные мероприятия, посвященные профессиональному празднику — Дню<span style="mso-ansi-language:EN-US" lang="EN-US">&nbsp;</span>железнодорожника —\r\nпрошли сегодня в<span style="mso-ansi-language:EN-US" lang="EN-US">&nbsp;</span>Минском\r\nДворце культуры и спорта железнодорожников</h2>\r\n\r\n<p class="MsoNormal">&nbsp;</p>\r\n\r\n<p class="MsoNormal"><b style="mso-bidi-font-weight:normal">4 августа в столице\r\nсобрались лучшие представители трудовых коллективов дороги, представленные к\r\nнаграждению высшими отраслевыми наградами, прошли торжественные мероприятия,\r\nпосвященные профессиональному празднику.</b></p>\r\n\r\n<p class="MsoNormal">&nbsp;</p>\r\n\r\n<p class="MsoNormal">Во Дворце культуры и спорта железнодорожников состоялась\r\nторжественная церемония награждения отраслевыми наградами Министерства\r\nтранспорта и коммуникаций Республики Беларусь и Белорусской железной дороги.</p>\r\n\r\n<p class="MsoNormal">&nbsp;</p>\r\n\r\n<p class="MsoNormal">Наградами министерства были отмечены 55 работников\r\nбелорусской магистрали. 20 человек отмечены знаком «Ганаровы транспартнiк», 35\r\nчеловек — Почетной грамотой.</p>\r\n\r\n<p class="MsoNormal">&nbsp;</p>\r\n\r\n<p class="MsoNormal"><b style="mso-bidi-font-weight:normal">Начальник Белорусской\r\nжелезной дороги Владимир Морозов</b> вручил также высшие награды Белорусской\r\nжелезной дороги. За высокие достижения в работе, добросовестный труд и в связи\r\nс празднованием Дня железнодорожника 21 человек награжден знаком «Почетный\r\nжелезнодорожник», 71 — знаком «Выдатнiк Беларускай чыгункi».</p>\r\n\r\n<p class="MsoNormal">&nbsp;</p>\r\n\r\n<p class="MsoNormal">Нагрудным знаком отличия «За добрасумленную працу на\r\nБеларускай чыгунцы» первой степени отмечено 35 передовиков производства, второй\r\nстепени — 80.</p>\r\n\r\n<p class="MsoNormal">&nbsp;</p>\r\n\r\n<p class="MsoNormal">Праздничные мероприятия продолжились во второй половине дня.\r\nПрошло торжественное собрание и праздничный концерт. В зале собрались четыре\r\nпоколения железнодорожников: передовики производства, награжденные высшими\r\nотраслевыми наградами, ветераны войны и труда, молодые специалисты и рабочие,\r\nюные воспитанники детской железной дороги.</p>\r\n\r\n<p class="MsoNormal">&nbsp;</p>\r\n\r\n<p class="MsoNormal">С профессиональным праздником участников мероприятия\r\nпоздравил Начальник Белорусской железной дороги Владимир Морозов.</p>\r\n\r\n<p class="MsoNormal">&nbsp;</p>\r\n\r\n<span style="font-size:12.0pt;font-family:&quot;Verdana&quot;,&quot;sans-serif&quot;;mso-fareast-font-family:\r\n&quot;Times New Roman&quot;;mso-bidi-font-family:&quot;Times New Roman&quot;;mso-ansi-language:\r\nRU;mso-fareast-language:RU;mso-bidi-language:AR-SA">В своем выступлении\r\nНачальник дороги поблагодарил железнодорожников за труд, отметил, что\r\nдостижения за прошедший железнодорожный год подтверждаются не только\r\nвыполнением экономических показателей, но и конкретными делами. При этом\r\nподчеркнул, что железнодорожный транспорт по-прежнему сохраняет свои лидирующие\r\nпозиции на рынке транспортных услуг и обеспечивает свыше 60% общего объема\r\nгрузооборота страны и 35% — </span><!--[if gte mso 9]><xml>\r\n <w:LatentStyles DefLockedState="false" DefUnhideWhenUsed="true"\r\n  DefSemiHidden="true" DefQFormat="false" DefPriority="99"\r\n  LatentStyleCount="267">\r\n  <w:LsdException Locked="false" Priority="0" SemiHidden="false"\r\n   UnhideWhenUsed="false" QFormat="true" Name="Normal"/>\r\n  <w:LsdException Locked="false" Priority="9" SemiHidden="false"\r\n   UnhideWhenUsed="false" QFormat="true" Name="heading 1"/>\r\n  <w:LsdException Locked="false" Priority="9" QFormat="true" Name="heading 2"/>\r\n  <w:LsdException Locked="false" Priority="9" QFormat="true" Name="heading 3"/>\r\n  <w:LsdException Locked="false" Priority="9" QFormat="true" Name="heading 4"/>\r\n  <w:LsdException Locked="false" Priority="9" QFormat="true" Name="heading 5"/>\r\n  <w:LsdException Locked="false" Priority="9" QFormat="true" Name="heading 6"/>\r\n  <w:LsdException Locked="false" Priority="9" QFormat="true" Name="heading 7"/>\r\n  <w:LsdException Locked="false" Priority="9" QFormat="true" Name="heading 8"/>\r\n  <w:LsdException Locked="false" Priority="9" QFormat="true" Name="heading 9"/>\r\n  <w:LsdException Locked="false" Priority="39" Name="toc 1"/>\r\n  <w:LsdException Locked="false" Priority="39" Name="toc 2"/>\r\n  <w:LsdException Locked="false" Priority="39" Name="toc 3"/>\r\n  <w:LsdException Locked="false" Priority="39" Name="toc 4"/>\r\n  <w:LsdException Locked="false" Priority="39" Name="toc 5"/>\r\n  <w:LsdException Locked="false" Priority="39" Name="toc 6"/>\r\n  <w:LsdException Locked="false" Priority="39" Name="toc 7"/>\r\n  <w:LsdException Locked="false" Priority="39" Name="toc 8"/>\r\n  <w:LsdException Locked="false" Priority="39" Name="toc 9"/>\r\n  <w:LsdException Locked="false" Priority="35" QFormat="true" Name="caption"/>\r\n  <w:LsdException Locked="false" Priority="10" SemiHidden="false"\r\n   UnhideWhenUsed="false" QFormat="true" Name="Title"/>\r\n  <w:LsdException Locked="false" Priority="1" Name="Default Paragraph Font"/>\r\n  <w:LsdException Locked="false" Priority="11" SemiHidden="false"\r\n   UnhideWhenUsed="false" QFormat="true" Name="Subtitle"/>\r\n  <w:LsdException Locked="false" Priority="22" SemiHidden="false"\r\n   UnhideWhenUsed="false" QFormat="true" Name="Strong"/>\r\n  <w:LsdException Locked="false" Priority="20" SemiHidden="false"\r\n   UnhideWhenUsed="false" QFormat="true" Name="Emphasis"/>\r\n  <w:LsdException Locked="false" Priority="59" SemiHidden="false"\r\n   UnhideWhenUsed="false" Name="Table Grid"/>\r\n  <w:LsdException Locked="false" UnhideWhenUsed="false" Name="Placeholder Text"/>\r\n  <w:LsdException Locked="false" Priority="1" SemiHidden="false"\r\n   UnhideWhenUsed="false" QFormat="true" Name="No Spacing"/>\r\n  <w:LsdException Locked="false" Priority="60" SemiHidden="false"\r\n   UnhideWhenUsed="false" Name="Light Shading"/>\r\n  <w:LsdException Locked="false" Priority="61" SemiHidden="false"\r\n   UnhideWhenUsed="false" Name="Light List"/>\r\n  <w:LsdException Locked="false" Priority="62" SemiHidden="false"\r\n   UnhideWhenUsed="false" Name="Light Grid"/>\r\n  <w:LsdException Locked="false" Priority="63" SemiHidden="false"\r\n   UnhideWhenUsed="false" Name="Medium Shading 1"/>\r\n  <w:LsdException Locked="false" Priority="64" SemiHidden="false"\r\n   UnhideWhenUsed="false" Name="Medium Shading 2"/>\r\n  <w:LsdException Locked="false" Priority="65" SemiHidden="false"\r\n   UnhideWhenUsed="false" Name="Medium List 1"/>\r\n  <w:LsdException Locked="false" Priority="66" SemiHidden="false"\r\n   UnhideWhenUsed="false" Name="Medium List 2"/>\r\n  <w:LsdException Locked="false" Priority="67" SemiHidden="false"\r\n   UnhideWhenUsed="false" Name="Medium Grid 1"/>\r\n  <w:LsdException Locked="false" Priority="68" SemiHidden="false"\r\n   UnhideWhenUsed="false" Name="Medium Grid 2"/>\r\n  <w:LsdException Locked="false" Priority="69" SemiHidden="false"\r\n   UnhideWhenUsed="false" Name="Medium Grid 3"/>\r\n  <w:LsdException Locked="false" Priority="70" SemiHidden="false"\r\n   UnhideWhenUsed="false" Name="Dark List"/>\r\n  <w:LsdException Locked="false" Priority="71" SemiHidden="false"\r\n   UnhideWhenUsed="false" Name="Colorful Shading"/>\r\n  <w:LsdException Locked="false" Priority="72" SemiHidden="false"\r\n   UnhideWhenUsed="false" Name="Colorful List"/>\r\n  <w:LsdException Locked="false" Priority="73" SemiHidden="false"\r\n   UnhideWhenUsed="false" Name="Colorful Grid"/>\r\n  <w:LsdException Locked="false" Priority="60" SemiHidden="false"\r\n   UnhideWhenUsed="false" Name="Light Shading Accent 1"/>\r\n  <w:LsdException Locked="false" Priority="61" SemiHidden="false"\r\n   UnhideWhenUsed="false" Name="Light List Accent 1"/>\r\n  <w:LsdException Locked="false" Priority="62" SemiHidden="false"\r\n   UnhideWhenUsed="false" Name="Light Grid Accent 1"/>\r\n  <w:LsdException Locked="false" Priority="63" SemiHidden="false"\r\n   UnhideWhenUsed="false" Name="Medium Shading 1 Accent 1"/>\r\n  <w:LsdException Locked="false" Priority="64" SemiHidden="false"\r\n   UnhideWhenUsed="false" Name="Medium Shading 2 Accent 1"/>\r\n  <w:LsdException Locked="false" Priority="65" SemiHidden="false"\r\n   UnhideWhenUsed="false" Name="Medium List 1 Accent 1"/>\r\n  <w:LsdException Locked="false" UnhideWhenUsed="false" Name="Revision"/>\r\n  <w:LsdException Locked="false" Priority="34" SemiHidden="false"\r\n   UnhideWhenUsed="false" QFormat="true" Name="List Paragraph"/>\r\n  <w:LsdException Locked="false" Priority="29" SemiHidden="false"\r\n   UnhideWhenUsed="false" QFormat="true" Name="Quote"/>\r\n  <w:LsdException Locked="false" Priority="30" SemiHidden="false"\r\n   UnhideWhenUsed="false" QFormat="true" Name="Intense Quote"/>\r\n  <w:LsdException Locked="false" Priority="66" SemiHidden="false"\r\n   UnhideWhenUsed="false" Name="Medium List 2 Accent 1"/>\r\n  <w:LsdException Locked="false" Priority="67" SemiHidden="false"\r\n   UnhideWhenUsed="false" Name="Medium Grid 1 Accent 1"/>\r\n  <w:LsdException Locked="false" Priority="68" SemiHidden="false"\r\n   UnhideWhenUsed="false" Name="Medium Grid 2 Accent 1"/>\r\n  <w:LsdException Locked="false" Priority="69" SemiHidden="false"\r\n   UnhideWhenUsed="false" Name="Medium Grid 3 Accent 1"/>\r\n  <w:LsdException Locked="false" Priority="70" SemiHidden="false"\r\n   UnhideWhenUsed="false" Name="Dark List Accent 1"/>\r\n  <w:LsdException Locked="false" Priority="71" SemiHidden="false"\r\n   UnhideWhenUsed="false" Name="Colorful Shading Accent 1"/>\r\n  <w:LsdException Locked="false" Priority="72" SemiHidden="false"\r\n   UnhideWhenUsed="false" Name="Colorful List Accent 1"/>\r\n  <w:LsdException Locked="false" Priority="73" SemiHidden="false"\r\n   UnhideWhenUsed="false" Name="Colorful Grid Accent 1"/>\r\n  <w:LsdException Locked="false" Priority="60" SemiHidden="false"\r\n   UnhideWhenUsed="false" Name="Light Shading Accent 2"/>\r\n  <w:LsdException Locked="false" Priority="61" SemiHidden="false"\r\n   UnhideWhenUsed="false" Name="Light List Accent 2"/>\r\n  <w:LsdException Locked="false" Priority="62" SemiHidden="false"\r\n   UnhideWhenUsed="false" Name="Light Grid Accent 2"/>\r\n  <w:LsdException Locked="false" Priority="63" SemiHidden="false"\r\n   UnhideWhenUsed="false" Name="Medium Shading 1 Accent 2"/>\r\n  <w:LsdException Locked="false" Priority="64" SemiHidden="false"\r\n   UnhideWhenUsed="false" Name="Medium Shading 2 Accent 2"/>\r\n  <w:LsdException Locked="false" Priority="65" SemiHidden="false"\r\n   UnhideWhenUsed="false" Name="Medium List 1 Accent 2"/>\r\n  <w:LsdException Locked="false" Priority="66" SemiHidden="false"\r\n   UnhideWhenUsed="false" Name="Medium List 2 Accent 2"/>\r\n  <w:LsdException Locked="false" Priority="67" SemiHidden="false"\r\n   UnhideWhenUsed="false" Name="Medium Grid 1 Accent 2"/>\r\n  <w:LsdException Locked="false" Priority="68" SemiHidden="false"\r\n   UnhideWhenUsed="false" Name="Medium Grid 2 Accent 2"/>\r\n  <w:LsdException Locked="false" Priority="69" SemiHidden="false"\r\n   UnhideWhenUsed="false" Name="Medium Grid 3 Accent 2"/>\r\n  <w:LsdException Locked="false" Priority="70" SemiHidden="false"\r\n   UnhideWhenUsed="false" Name="Dark List Accent 2"/>\r\n  <w:LsdException Locked="false" Priority="71" SemiHidden="false"\r\n   UnhideWhenUsed="false" Name="Colorful Shading Accent 2"/>\r\n  <w:LsdException Locked="false" Priority="72" SemiHidden="false"\r\n   UnhideWhenUsed="false" Name="Colorful List Accent 2"/>\r\n  <w:LsdException Locked="false" Priority="73" SemiHidden="false"\r\n   UnhideWhenUsed="false" Name="Colorful Grid Accent 2"/>\r\n  <w:LsdException Locked="false" Priority="60" SemiHidden="false"\r\n   UnhideWhenUsed="false" Name="Light Shading Accent 3"/>\r\n  <w:LsdException Locked="false" Priority="61" SemiHidden="false"\r\n   UnhideWhenUsed="false" Name="Light List Accent 3"/>\r\n  <w:LsdException Locked="false" Priority="62" SemiHidden="false"\r\n   UnhideWhenUsed="false" Name="Light Grid Accent 3"/>\r\n  <w:LsdException Locked="false" Priority="63" SemiHidden="false"\r\n   UnhideWhenUsed="false" Name="Medium Shading 1 Accent 3"/>\r\n  <w:LsdException Locked="false" Priority="64" SemiHidden="false"\r\n   UnhideWhenUsed="false" Name="Medium Shading 2 Accent 3"/>\r\n  <w:LsdException Locked="false" Priority="65" SemiHidden="false"\r\n   UnhideWhenUsed="false" Name="Medium List 1 Accent 3"/>\r\n  <w:LsdException Locked="false" Priority="66" SemiHidden="false"\r\n   UnhideWhenUsed="false" Name="Medium List 2 Accent 3"/>\r\n  <w:LsdException Locked="false" Priority="67" SemiHidden="false"\r\n   UnhideWhenUsed="false" Name="Medium Grid 1 Accent 3"/>\r\n  <w:LsdException Locked="false" Priority="68" SemiHidden="false"\r\n   UnhideWhenUsed="false" Name="Medium Grid 2 Accent 3"/>\r\n  <w:LsdException Locked="false" Priority="69" SemiHidden="false"\r\n   UnhideWhenUsed="false" Name="Medium Grid 3 Accent 3"/>\r\n  <w:LsdException Locked="false" Priority="70" SemiHidden="false"\r\n   UnhideWhenUsed="false" Name="Dark List Accent 3"/>\r\n  <w:LsdException Locked="false" Priority="71" SemiHidden="false"\r\n   UnhideWhenUsed="false" Name="Colorful Shading Accent 3"/>\r\n  <w:LsdException Locked="false" Priority="72" SemiHidden="false"\r\n   UnhideWhenUsed="false" Name="Colorful List Accent 3"/>\r\n  <w:LsdException Locked="false" Priority="73" SemiHidden="false"\r\n   UnhideWhenUsed="false" Name="Colorful Grid Accent 3"/>\r\n  <w:LsdException Locked="false" Priority="60" SemiHidden="false"\r\n   UnhideWhenUsed="false" Name="Light Shading Accent 4"/>\r\n  <w:LsdException Locked="false" Priority="61" SemiHidden="false"\r\n   UnhideWhenUsed="false" Name="Light List Accent 4"/>\r\n  <w:LsdException Locked="false" Priority="62" SemiHidden="false"\r\n   UnhideWhenUsed="false" Name="Light Grid Accent 4"/>\r\n  <w:LsdException Locked="false" Priority="63" SemiHidden="false"\r\n   UnhideWhenUsed="false" Name="Medium Shading 1 Accent 4"/>\r\n  <w:LsdException Locked="false" Priority="64" SemiHidden="false"\r\n   UnhideWhenUsed="false" Name="Medium Shading 2 Accent 4"/>\r\n  <w:LsdException Locked="false" Priority="65" SemiHidden="false"\r\n   UnhideWhenUsed="false" Name="Medium List 1 Accent 4"/>\r\n  <w:LsdException Locked="false" Priority="66" SemiHidden="false"\r\n   UnhideWhenUsed="false" Name="Medium List 2 Accent 4"/>\r\n  <w:LsdException Locked="false" Priority="67" SemiHidden="false"\r\n   UnhideWhenUsed="false" Name="Medium Grid 1 Accent 4"/>\r\n  <w:LsdException Locked="false" Priority="68" SemiHidden="false"\r\n   UnhideWhenUsed="false" Name="Medium Grid 2 Accent 4"/>\r\n  <w:LsdException Locked="false" Priority="69" SemiHidden="false"\r\n   UnhideWhenUsed="false" Name="Medium Grid 3 Accent 4"/>\r\n  <w:LsdException Locked="false" Priority="70" SemiHidden="false"\r\n   UnhideWhenUsed="false" Name="Dark List Accent 4"/>\r\n  <w:LsdException Locked="false" Priority="71" SemiHidden="false"\r\n   UnhideWhenUsed="false" Name="Colorful Shading Accent 4"/>\r\n  <w:LsdException Locked="false" Priority="72" SemiHidden="false"\r\n   UnhideWhenUsed="false" Name="Colorful List Accent 4"/>\r\n  <w:LsdException Locked="false" Priority="73" SemiHidden="false"\r\n   UnhideWhenUsed="false" Name="Colorful Grid Accent 4"/>\r\n  <w:LsdException Locked="false" Priority="60" SemiHidden="false"\r\n   UnhideWhenUsed="false" Name="Light Shading Accent 5"/>\r\n  <w:LsdException Locked="false" Priority="61" SemiHidden="false"\r\n   UnhideWhenUsed="false" Name="Light List Accent 5"/>\r\n  <w:LsdException Locked="false" Priority="62" SemiHidden="false"\r\n   UnhideWhenUsed="false" Name="Light Grid Accent 5"/>\r\n  <w:LsdException Locked="false" Priority="63" SemiHidden="false"\r\n   UnhideWhenUsed="false" Name="Medium Shading 1 Accent 5"/>\r\n  <w:LsdException Locked="false" Priority="64" SemiHidden="false"\r\n   UnhideWhenUsed="false" Name="Medium Shading 2 Accent 5"/>\r\n  <w:LsdException Locked="false" Priority="65" SemiHidden="false"\r\n   UnhideWhenUsed="false" Name="Medium List 1 Accent 5"/>\r\n  <w:LsdException Locked="false" Priority="66" SemiHidden="false"\r\n   UnhideWhenUsed="false" Name="Medium List 2 Accent 5"/>\r\n  <w:LsdException Locked="false" Priority="67" SemiHidden="false"\r\n   UnhideWhenUsed="false" Name="Medium Grid 1 Accent 5"/>\r\n  <w:LsdException Locked="false" Priority="68" SemiHidden="false"\r\n   UnhideWhenUsed="false" Name="Medium Grid 2 Accent 5"/>\r\n  <w:LsdException Locked="false" Priority="69" SemiHidden="false"\r\n   UnhideWhenUsed="false" Name="Medium Grid 3 Accent 5"/>\r\n  <w:LsdException Locked="false" Priority="70" SemiHidden="false"\r\n   UnhideWhenUsed="false" Name="Dark List Accent 5"/>\r\n  <w:LsdException Locked="false" Priority="71" SemiHidden="false"\r\n   UnhideWhenUsed="false" Name="Colorful Shading Accent 5"/>\r\n  <w:LsdException Locked="false" Priority="72" SemiHidden="false"\r\n   UnhideWhenUsed="false" Name="Colorful List Accent 5"/>\r\n  <w:LsdException Locked="false" Priority="73" SemiHidden="false"\r\n   UnhideWhenUsed="false" Name="Colorful Grid Accent 5"/>\r\n  <w:LsdException Locked="false" Priority="60" SemiHidden="false"\r\n   UnhideWhenUsed="false" Name="Light Shading Accent 6"/>\r\n  <w:LsdException Locked="false" Priority="61" SemiHidden="false"\r\n   UnhideWhenUsed="false" Name="Light List Accent 6"/>\r\n  <w:LsdException Locked="false" Priority="62" SemiHidden="false"\r\n   UnhideWhenUsed="false" Name="Light Grid Accent 6"/>\r\n  <w:LsdException Locked="false" Priority="63" SemiHidden="false"\r\n   UnhideWhenUsed="false" Name="Medium Shading 1 Accent 6"/>\r\n  <w:LsdException Locked="false" Priority="64" SemiHidden="false"\r\n   UnhideWhenUsed="false" Name="Medium Shading 2 Accent 6"/>\r\n  <w:LsdException Locked="false" Priority="65" SemiHidden="false"\r\n   UnhideWhenUsed="false" Name="Medium List 1 Accent 6"/>\r\n  <w:LsdException Locked="false" Priority="66" SemiHidden="false"\r\n   UnhideWhenUsed="false" Name="Medium List 2 Accent 6"/>\r\n  <w:LsdException Locked="false" Priority="67" SemiHidden="false"\r\n   UnhideWhenUsed="false" Name="Medium Grid 1 Accent 6"/>\r\n  <w:LsdException Locked="false" Priority="68" SemiHidden="false"\r\n   UnhideWhenUsed="false" Name="Medium Grid 2 Accent 6"/>\r\n  <w:LsdException Locked="false" Priority="69" SemiHidden="false"\r\n   UnhideWhenUsed="false" Name="Medium Grid 3 Accent 6"/>\r\n  <w:LsdException Locked="false" Priority="70" SemiHidden="false"\r\n   UnhideWhenUsed="false" Name="Dark List Accent 6"/>\r\n  <w:LsdException Locked="false" Priority="71" SemiHidden="false"\r\n   UnhideWhenUsed="false" Name="Colorful Shading Accent 6"/>\r\n  <w:LsdException Locked="false" Priority="72" SemiHidden="false"\r\n   UnhideWhenUsed="false" Name="Colorful List Accent 6"/>\r\n  <w:LsdException Locked="false" Priority="73" SemiHidden="false"\r\n   UnhideWhenUsed="false" Name="Colorful Grid Accent 6"/>\r\n  <w:LsdException Locked="false" Priority="19" SemiHidden="false"\r\n   UnhideWhenUsed="false" QFormat="true" Name="Subtle Emphasis"/>\r\n  <w:LsdException Locked="false" Priority="21" SemiHidden="false"\r\n   UnhideWhenUsed="false" QFormat="true" Name="Intense Emphasis"/>\r\n  <w:LsdException Locked="false" Priority="31" SemiHidden="false"\r\n   UnhideWhenUsed="false" QFormat="true" Name="Subtle Reference"/>\r\n  <w:LsdException Locked="false" Priority="32" SemiHidden="false"\r\n   UnhideWhenUsed="false" QFormat="true" Name="Intense Reference"/>\r\n  <w:LsdException Locked="false" Priority="33" SemiHidden="false"\r\n   UnhideWhenUsed="false" QFormat="true" Name="Book Title"/>\r\n  <w:LsdException Locked="false" Priority="37" Name="Bibliography"/>\r\n  <w:LsdException Locked="false" Priority="39" QFormat="true" Name="TOC Heading"/>\r\n </w:LatentStyles>\r\n</xml><![endif]--><!--[if gte mso 10]>\r\n<style>\r\n /* Style Definitions */\r\n table.MsoNormalTable\r\n	{mso-style-name:"Обычная таблица";\r\n	mso-tstyle-rowband-size:0;\r\n	mso-tstyle-colband-size:0;\r\n	mso-style-noshow:yes;\r\n	mso-style-priority:99;\r\n	mso-style-qformat:yes;\r\n	mso-style-parent:"";\r\n	mso-padding-alt:0cm 5.4pt 0cm 5.4pt;\r\n	mso-para-margin:0cm;\r\n	mso-para-margin-bottom:.0001pt;\r\n	mso-pagination:widow-orphan;\r\n	font-size:11.0pt;\r\n	font-family:"Calibri","sans-serif";\r\n	mso-ascii-font-family:Calibri;\r\n	mso-ascii-theme-font:minor-latin;\r\n	mso-fareast-font-family:"Times New Roman";\r\n	mso-fareast-theme-font:minor-fareast;\r\n	mso-hansi-font-family:Calibri;\r\n	mso-hansi-theme-font:minor-latin;\r\n	mso-bidi-font-family:"Times New Roman";\r\n	mso-bidi-theme-font:minor-bidi;}\r\n</style>\r\n<![endif]--><!--[if gte mso 9]><xml>\r\n <o:shapedefaults v:ext="edit" spidmax="1026"/>\r\n</xml><![endif]--><!--[if gte mso 9]><xml>\r\n <o:shapelayout v:ext="edit">\r\n  <o:idmap v:ext="edit" data="1"/>\r\n </o:shapelayout></xml><![endif]-->', '2017-08-16');
INSERT INTO `news` (`id`, `title`, `text`, `date`) VALUES
(192, 'erewrwerwe', '<h4 class="MsoNormal"><b style="mso-bidi-font-weight:normal">Начальник Белорусской\r\nжелезной дороги Владимир Морозов</b> вручил также высшие награды Белорусской\r\nжелезной дороги. За высокие достижения в работе, добросовестный труд и в связи\r\nс празднованием Дня железнодорожника 21 человек награжден знаком «Почетный\r\nжелезнодорожник», 71 — знаком «Выдатнiк Беларускай чыгункi».</h4>\r\n\r\n<p class="MsoNormal">&nbsp;</p>\r\n\r\n<p class="MsoNormal">Нагрудным знаком отличия «За добрасумленную працу на\r\nБеларускай чыгунцы» первой степени отмечено 35 передовиков производства, второй\r\nстепени — 80.<br></p>Праздничные мероприятия продолжились во второй половине дня.\r\nПрошло торжественное собрание и праздничный концерт. В зале собрались четыре\r\nпоколения железнодорожников: передовики производства, награжденные высшими\r\nотраслевыми наградами, ветераны войны и труда, молодые специалисты и рабочие,\r\nюные воспитанники детской железной дороги.\r\n\r\n<!--[if gte mso 9]><xml>\r\n <w:LatentStyles DefLockedState="false" DefUnhideWhenUsed="true"\r\n  DefSemiHidden="true" DefQFormat="false" DefPriority="99"\r\n  LatentStyleCount="267">\r\n  <w:LsdException Locked="false" Priority="0" SemiHidden="false"\r\n   UnhideWhenUsed="false" QFormat="true" Name="Normal"/>\r\n  <w:LsdException Locked="false" Priority="9" SemiHidden="false"\r\n   UnhideWhenUsed="false" QFormat="true" Name="heading 1"/>\r\n  <w:LsdException Locked="false" Priority="9" QFormat="true" Name="heading 2"/>\r\n  <w:LsdException Locked="false" Priority="9" QFormat="true" Name="heading 3"/>\r\n  <w:LsdException Locked="false" Priority="9" QFormat="true" Name="heading 4"/>\r\n  <w:LsdException Locked="false" Priority="9" QFormat="true" Name="heading 5"/>\r\n  <w:LsdException Locked="false" Priority="9" QFormat="true" Name="heading 6"/>\r\n  <w:LsdException Locked="false" Priority="9" QFormat="true" Name="heading 7"/>\r\n  <w:LsdException Locked="false" Priority="9" QFormat="true" Name="heading 8"/>\r\n  <w:LsdException Locked="false" Priority="9" QFormat="true" Name="heading 9"/>\r\n  <w:LsdException Locked="false" Priority="39" Name="toc 1"/>\r\n  <w:LsdException Locked="false" Priority="39" Name="toc 2"/>\r\n  <w:LsdException Locked="false" Priority="39" Name="toc 3"/>\r\n  <w:LsdException Locked="false" Priority="39" Name="toc 4"/>\r\n  <w:LsdException Locked="false" Priority="39" Name="toc 5"/>\r\n  <w:LsdException Locked="false" Priority="39" Name="toc 6"/>\r\n  <w:LsdException Locked="false" Priority="39" Name="toc 7"/>\r\n  <w:LsdException Locked="false" Priority="39" Name="toc 8"/>\r\n  <w:LsdException Locked="false" Priority="39" Name="toc 9"/>\r\n  <w:LsdException Locked="false" Priority="35" QFormat="true" Name="caption"/>\r\n  <w:LsdException Locked="false" Priority="10" SemiHidden="false"\r\n   UnhideWhenUsed="false" QFormat="true" Name="Title"/>\r\n  <w:LsdException Locked="false" Priority="1" Name="Default Paragraph Font"/>\r\n  <w:LsdException Locked="false" Priority="11" SemiHidden="false"\r\n   UnhideWhenUsed="false" QFormat="true" Name="Subtitle"/>\r\n  <w:LsdException Locked="false" Priority="22" SemiHidden="false"\r\n   UnhideWhenUsed="false" QFormat="true" Name="Strong"/>\r\n  <w:LsdException Locked="false" Priority="20" SemiHidden="false"\r\n   UnhideWhenUsed="false" QFormat="true" Name="Emphasis"/>\r\n  <w:LsdException Locked="false" Priority="59" SemiHidden="false"\r\n   UnhideWhenUsed="false" Name="Table Grid"/>\r\n  <w:LsdException Locked="false" UnhideWhenUsed="false" Name="Placeholder Text"/>\r\n  <w:LsdException Locked="false" Priority="1" SemiHidden="false"\r\n   UnhideWhenUsed="false" QFormat="true" Name="No Spacing"/>\r\n  <w:LsdException Locked="false" Priority="60" SemiHidden="false"\r\n   UnhideWhenUsed="false" Name="Light Shading"/>\r\n  <w:LsdException Locked="false" Priority="61" SemiHidden="false"\r\n   UnhideWhenUsed="false" Name="Light List"/>\r\n  <w:LsdException Locked="false" Priority="62" SemiHidden="false"\r\n   UnhideWhenUsed="false" Name="Light Grid"/>\r\n  <w:LsdException Locked="false" Priority="63" SemiHidden="false"\r\n   UnhideWhenUsed="false" Name="Medium Shading 1"/>\r\n  <w:LsdException Locked="false" Priority="64" SemiHidden="false"\r\n   UnhideWhenUsed="false" Name="Medium Shading 2"/>\r\n  <w:LsdException Locked="false" Priority="65" SemiHidden="false"\r\n   UnhideWhenUsed="false" Name="Medium List 1"/>\r\n  <w:LsdException Locked="false" Priority="66" SemiHidden="false"\r\n   UnhideWhenUsed="false" Name="Medium List 2"/>\r\n  <w:LsdException Locked="false" Priority="67" SemiHidden="false"\r\n   UnhideWhenUsed="false" Name="Medium Grid 1"/>\r\n  <w:LsdException Locked="false" Priority="68" SemiHidden="false"\r\n   UnhideWhenUsed="false" Name="Medium Grid 2"/>\r\n  <w:LsdException Locked="false" Priority="69" SemiHidden="false"\r\n   UnhideWhenUsed="false" Name="Medium Grid 3"/>\r\n  <w:LsdException Locked="false" Priority="70" SemiHidden="false"\r\n   UnhideWhenUsed="false" Name="Dark List"/>\r\n  <w:LsdException Locked="false" Priority="71" SemiHidden="false"\r\n   UnhideWhenUsed="false" Name="Colorful Shading"/>\r\n  <w:LsdException Locked="false" Priority="72" SemiHidden="false"\r\n   UnhideWhenUsed="false" Name="Colorful List"/>\r\n  <w:LsdException Locked="false" Priority="73" SemiHidden="false"\r\n   UnhideWhenUsed="false" Name="Colorful Grid"/>\r\n  <w:LsdException Locked="false" Priority="60" SemiHidden="false"\r\n   UnhideWhenUsed="false" Name="Light Shading Accent 1"/>\r\n  <w:LsdException Locked="false" Priority="61" SemiHidden="false"\r\n   UnhideWhenUsed="false" Name="Light List Accent 1"/>\r\n  <w:LsdException Locked="false" Priority="62" SemiHidden="false"\r\n   UnhideWhenUsed="false" Name="Light Grid Accent 1"/>\r\n  <w:LsdException Locked="false" Priority="63" SemiHidden="false"\r\n   UnhideWhenUsed="false" Name="Medium Shading 1 Accent 1"/>\r\n  <w:LsdException Locked="false" Priority="64" SemiHidden="false"\r\n   UnhideWhenUsed="false" Name="Medium Shading 2 Accent 1"/>\r\n  <w:LsdException Locked="false" Priority="65" SemiHidden="false"\r\n   UnhideWhenUsed="false" Name="Medium List 1 Accent 1"/>\r\n  <w:LsdException Locked="false" UnhideWhenUsed="false" Name="Revision"/>\r\n  <w:LsdException Locked="false" Priority="34" SemiHidden="false"\r\n   UnhideWhenUsed="false" QFormat="true" Name="List Paragraph"/>\r\n  <w:LsdException Locked="false" Priority="29" SemiHidden="false"\r\n   UnhideWhenUsed="false" QFormat="true" Name="Quote"/>\r\n  <w:LsdException Locked="false" Priority="30" SemiHidden="false"\r\n   UnhideWhenUsed="false" QFormat="true" Name="Intense Quote"/>\r\n  <w:LsdException Locked="false" Priority="66" SemiHidden="false"\r\n   UnhideWhenUsed="false" Name="Medium List 2 Accent 1"/>\r\n  <w:LsdException Locked="false" Priority="67" SemiHidden="false"\r\n   UnhideWhenUsed="false" Name="Medium Grid 1 Accent 1"/>\r\n  <w:LsdException Locked="false" Priority="68" SemiHidden="false"\r\n   UnhideWhenUsed="false" Name="Medium Grid 2 Accent 1"/>\r\n  <w:LsdException Locked="false" Priority="69" SemiHidden="false"\r\n   UnhideWhenUsed="false" Name="Medium Grid 3 Accent 1"/>\r\n  <w:LsdException Locked="false" Priority="70" SemiHidden="false"\r\n   UnhideWhenUsed="false" Name="Dark List Accent 1"/>\r\n  <w:LsdException Locked="false" Priority="71" SemiHidden="false"\r\n   UnhideWhenUsed="false" Name="Colorful Shading Accent 1"/>\r\n  <w:LsdException Locked="false" Priority="72" SemiHidden="false"\r\n   UnhideWhenUsed="false" Name="Colorful List Accent 1"/>\r\n  <w:LsdException Locked="false" Priority="73" SemiHidden="false"\r\n   UnhideWhenUsed="false" Name="Colorful Grid Accent 1"/>\r\n  <w:LsdException Locked="false" Priority="60" SemiHidden="false"\r\n   UnhideWhenUsed="false" Name="Light Shading Accent 2"/>\r\n  <w:LsdException Locked="false" Priority="61" SemiHidden="false"\r\n   UnhideWhenUsed="false" Name="Light List Accent 2"/>\r\n  <w:LsdException Locked="false" Priority="62" SemiHidden="false"\r\n   UnhideWhenUsed="false" Name="Light Grid Accent 2"/>\r\n  <w:LsdException Locked="false" Priority="63" SemiHidden="false"\r\n   UnhideWhenUsed="false" Name="Medium Shading 1 Accent 2"/>\r\n  <w:LsdException Locked="false" Priority="64" SemiHidden="false"\r\n   UnhideWhenUsed="false" Name="Medium Shading 2 Accent 2"/>\r\n  <w:LsdException Locked="false" Priority="65" SemiHidden="false"\r\n   UnhideWhenUsed="false" Name="Medium List 1 Accent 2"/>\r\n  <w:LsdException Locked="false" Priority="66" SemiHidden="false"\r\n   UnhideWhenUsed="false" Name="Medium List 2 Accent 2"/>\r\n  <w:LsdException Locked="false" Priority="67" SemiHidden="false"\r\n   UnhideWhenUsed="false" Name="Medium Grid 1 Accent 2"/>\r\n  <w:LsdException Locked="false" Priority="68" SemiHidden="false"\r\n   UnhideWhenUsed="false" Name="Medium Grid 2 Accent 2"/>\r\n  <w:LsdException Locked="false" Priority="69" SemiHidden="false"\r\n   UnhideWhenUsed="false" Name="Medium Grid 3 Accent 2"/>\r\n  <w:LsdException Locked="false" Priority="70" SemiHidden="false"\r\n   UnhideWhenUsed="false" Name="Dark List Accent 2"/>\r\n  <w:LsdException Locked="false" Priority="71" SemiHidden="false"\r\n   UnhideWhenUsed="false" Name="Colorful Shading Accent 2"/>\r\n  <w:LsdException Locked="false" Priority="72" SemiHidden="false"\r\n   UnhideWhenUsed="false" Name="Colorful List Accent 2"/>\r\n  <w:LsdException Locked="false" Priority="73" SemiHidden="false"\r\n   UnhideWhenUsed="false" Name="Colorful Grid Accent 2"/>\r\n  <w:LsdException Locked="false" Priority="60" SemiHidden="false"\r\n   UnhideWhenUsed="false" Name="Light Shading Accent 3"/>\r\n  <w:LsdException Locked="false" Priority="61" SemiHidden="false"\r\n   UnhideWhenUsed="false" Name="Light List Accent 3"/>\r\n  <w:LsdException Locked="false" Priority="62" SemiHidden="false"\r\n   UnhideWhenUsed="false" Name="Light Grid Accent 3"/>\r\n  <w:LsdException Locked="false" Priority="63" SemiHidden="false"\r\n   UnhideWhenUsed="false" Name="Medium Shading 1 Accent 3"/>\r\n  <w:LsdException Locked="false" Priority="64" SemiHidden="false"\r\n   UnhideWhenUsed="false" Name="Medium Shading 2 Accent 3"/>\r\n  <w:LsdException Locked="false" Priority="65" SemiHidden="false"\r\n   UnhideWhenUsed="false" Name="Medium List 1 Accent 3"/>\r\n  <w:LsdException Locked="false" Priority="66" SemiHidden="false"\r\n   UnhideWhenUsed="false" Name="Medium List 2 Accent 3"/>\r\n  <w:LsdException Locked="false" Priority="67" SemiHidden="false"\r\n   UnhideWhenUsed="false" Name="Medium Grid 1 Accent 3"/>\r\n  <w:LsdException Locked="false" Priority="68" SemiHidden="false"\r\n   UnhideWhenUsed="false" Name="Medium Grid 2 Accent 3"/>\r\n  <w:LsdException Locked="false" Priority="69" SemiHidden="false"\r\n   UnhideWhenUsed="false" Name="Medium Grid 3 Accent 3"/>\r\n  <w:LsdException Locked="false" Priority="70" SemiHidden="false"\r\n   UnhideWhenUsed="false" Name="Dark List Accent 3"/>\r\n  <w:LsdException Locked="false" Priority="71" SemiHidden="false"\r\n   UnhideWhenUsed="false" Name="Colorful Shading Accent 3"/>\r\n  <w:LsdException Locked="false" Priority="72" SemiHidden="false"\r\n   UnhideWhenUsed="false" Name="Colorful List Accent 3"/>\r\n  <w:LsdException Locked="false" Priority="73" SemiHidden="false"\r\n   UnhideWhenUsed="false" Name="Colorful Grid Accent 3"/>\r\n  <w:LsdException Locked="false" Priority="60" SemiHidden="false"\r\n   UnhideWhenUsed="false" Name="Light Shading Accent 4"/>\r\n  <w:LsdException Locked="false" Priority="61" SemiHidden="false"\r\n   UnhideWhenUsed="false" Name="Light List Accent 4"/>\r\n  <w:LsdException Locked="false" Priority="62" SemiHidden="false"\r\n   UnhideWhenUsed="false" Name="Light Grid Accent 4"/>\r\n  <w:LsdException Locked="false" Priority="63" SemiHidden="false"\r\n   UnhideWhenUsed="false" Name="Medium Shading 1 Accent 4"/>\r\n  <w:LsdException Locked="false" Priority="64" SemiHidden="false"\r\n   UnhideWhenUsed="false" Name="Medium Shading 2 Accent 4"/>\r\n  <w:LsdException Locked="false" Priority="65" SemiHidden="false"\r\n   UnhideWhenUsed="false" Name="Medium List 1 Accent 4"/>\r\n  <w:LsdException Locked="false" Priority="66" SemiHidden="false"\r\n   UnhideWhenUsed="false" Name="Medium List 2 Accent 4"/>\r\n  <w:LsdException Locked="false" Priority="67" SemiHidden="false"\r\n   UnhideWhenUsed="false" Name="Medium Grid 1 Accent 4"/>\r\n  <w:LsdException Locked="false" Priority="68" SemiHidden="false"\r\n   UnhideWhenUsed="false" Name="Medium Grid 2 Accent 4"/>\r\n  <w:LsdException Locked="false" Priority="69" SemiHidden="false"\r\n   UnhideWhenUsed="false" Name="Medium Grid 3 Accent 4"/>\r\n  <w:LsdException Locked="false" Priority="70" SemiHidden="false"\r\n   UnhideWhenUsed="false" Name="Dark List Accent 4"/>\r\n  <w:LsdException Locked="false" Priority="71" SemiHidden="false"\r\n   UnhideWhenUsed="false" Name="Colorful Shading Accent 4"/>\r\n  <w:LsdException Locked="false" Priority="72" SemiHidden="false"\r\n   UnhideWhenUsed="false" Name="Colorful List Accent 4"/>\r\n  <w:LsdException Locked="false" Priority="73" SemiHidden="false"\r\n   UnhideWhenUsed="false" Name="Colorful Grid Accent 4"/>\r\n  <w:LsdException Locked="false" Priority="60" SemiHidden="false"\r\n   UnhideWhenUsed="false" Name="Light Shading Accent 5"/>\r\n  <w:LsdException Locked="false" Priority="61" SemiHidden="false"\r\n   UnhideWhenUsed="false" Name="Light List Accent 5"/>\r\n  <w:LsdException Locked="false" Priority="62" SemiHidden="false"\r\n   UnhideWhenUsed="false" Name="Light Grid Accent 5"/>\r\n  <w:LsdException Locked="false" Priority="63" SemiHidden="false"\r\n   UnhideWhenUsed="false" Name="Medium Shading 1 Accent 5"/>\r\n  <w:LsdException Locked="false" Priority="64" SemiHidden="false"\r\n   UnhideWhenUsed="false" Name="Medium Shading 2 Accent 5"/>\r\n  <w:LsdException Locked="false" Priority="65" SemiHidden="false"\r\n   UnhideWhenUsed="false" Name="Medium List 1 Accent 5"/>\r\n  <w:LsdException Locked="false" Priority="66" SemiHidden="false"\r\n   UnhideWhenUsed="false" Name="Medium List 2 Accent 5"/>\r\n  <w:LsdException Locked="false" Priority="67" SemiHidden="false"\r\n   UnhideWhenUsed="false" Name="Medium Grid 1 Accent 5"/>\r\n  <w:LsdException Locked="false" Priority="68" SemiHidden="false"\r\n   UnhideWhenUsed="false" Name="Medium Grid 2 Accent 5"/>\r\n  <w:LsdException Locked="false" Priority="69" SemiHidden="false"\r\n   UnhideWhenUsed="false" Name="Medium Grid 3 Accent 5"/>\r\n  <w:LsdException Locked="false" Priority="70" SemiHidden="false"\r\n   UnhideWhenUsed="false" Name="Dark List Accent 5"/>\r\n  <w:LsdException Locked="false" Priority="71" SemiHidden="false"\r\n   UnhideWhenUsed="false" Name="Colorful Shading Accent 5"/>\r\n  <w:LsdException Locked="false" Priority="72" SemiHidden="false"\r\n   UnhideWhenUsed="false" Name="Colorful List Accent 5"/>\r\n  <w:LsdException Locked="false" Priority="73" SemiHidden="false"\r\n   UnhideWhenUsed="false" Name="Colorful Grid Accent 5"/>\r\n  <w:LsdException Locked="false" Priority="60" SemiHidden="false"\r\n   UnhideWhenUsed="false" Name="Light Shading Accent 6"/>\r\n  <w:LsdException Locked="false" Priority="61" SemiHidden="false"\r\n   UnhideWhenUsed="false" Name="Light List Accent 6"/>\r\n  <w:LsdException Locked="false" Priority="62" SemiHidden="false"\r\n   UnhideWhenUsed="false" Name="Light Grid Accent 6"/>\r\n  <w:LsdException Locked="false" Priority="63" SemiHidden="false"\r\n   UnhideWhenUsed="false" Name="Medium Shading 1 Accent 6"/>\r\n  <w:LsdException Locked="false" Priority="64" SemiHidden="false"\r\n   UnhideWhenUsed="false" Name="Medium Shading 2 Accent 6"/>\r\n  <w:LsdException Locked="false" Priority="65" SemiHidden="false"\r\n   UnhideWhenUsed="false" Name="Medium List 1 Accent 6"/>\r\n  <w:LsdException Locked="false" Priority="66" SemiHidden="false"\r\n   UnhideWhenUsed="false" Name="Medium List 2 Accent 6"/>\r\n  <w:LsdException Locked="false" Priority="67" SemiHidden="false"\r\n   UnhideWhenUsed="false" Name="Medium Grid 1 Accent 6"/>\r\n  <w:LsdException Locked="false" Priority="68" SemiHidden="false"\r\n   UnhideWhenUsed="false" Name="Medium Grid 2 Accent 6"/>\r\n  <w:LsdException Locked="false" Priority="69" SemiHidden="false"\r\n   UnhideWhenUsed="false" Name="Medium Grid 3 Accent 6"/>\r\n  <w:LsdException Locked="false" Priority="70" SemiHidden="false"\r\n   UnhideWhenUsed="false" Name="Dark List Accent 6"/>\r\n  <w:LsdException Locked="false" Priority="71" SemiHidden="false"\r\n   UnhideWhenUsed="false" Name="Colorful Shading Accent 6"/>\r\n  <w:LsdException Locked="false" Priority="72" SemiHidden="false"\r\n   UnhideWhenUsed="false" Name="Colorful List Accent 6"/>\r\n  <w:LsdException Locked="false" Priority="73" SemiHidden="false"\r\n   UnhideWhenUsed="false" Name="Colorful Grid Accent 6"/>\r\n  <w:LsdException Locked="false" Priority="19" SemiHidden="false"\r\n   UnhideWhenUsed="false" QFormat="true" Name="Subtle Emphasis"/>\r\n  <w:LsdException Locked="false" Priority="21" SemiHidden="false"\r\n   UnhideWhenUsed="false" QFormat="true" Name="Intense Emphasis"/>\r\n  <w:LsdException Locked="false" Priority="31" SemiHidden="false"\r\n   UnhideWhenUsed="false" QFormat="true" Name="Subtle Reference"/>\r\n  <w:LsdException Locked="false" Priority="32" SemiHidden="false"\r\n   UnhideWhenUsed="false" QFormat="true" Name="Intense Reference"/>\r\n  <w:LsdException Locked="false" Priority="33" SemiHidden="false"\r\n   UnhideWhenUsed="false" QFormat="true" Name="Book Title"/>\r\n  <w:LsdException Locked="false" Priority="37" Name="Bibliography"/>\r\n  <w:LsdException Locked="false" Priority="39" QFormat="true" Name="TOC Heading"/>\r\n </w:LatentStyles>\r\n</xml><![endif]--><!--[if gte mso 10]>\r\n<style>\r\n /* Style Definitions */\r\n table.MsoNormalTable\r\n	{mso-style-name:"Обычная таблица";\r\n	mso-tstyle-rowband-size:0;\r\n	mso-tstyle-colband-size:0;\r\n	mso-style-noshow:yes;\r\n	mso-style-priority:99;\r\n	mso-style-qformat:yes;\r\n	mso-style-parent:"";\r\n	mso-padding-alt:0cm 5.4pt 0cm 5.4pt;\r\n	mso-para-margin:0cm;\r\n	mso-para-margin-bottom:.0001pt;\r\n	mso-pagination:widow-orphan;\r\n	font-size:11.0pt;\r\n	font-family:"Calibri","sans-serif";\r\n	mso-ascii-font-family:Calibri;\r\n	mso-ascii-theme-font:minor-latin;\r\n	mso-fareast-font-family:"Times New Roman";\r\n	mso-fareast-theme-font:minor-fareast;\r\n	mso-hansi-font-family:Calibri;\r\n	mso-hansi-theme-font:minor-latin;\r\n	mso-bidi-font-family:"Times New Roman";\r\n	mso-bidi-theme-font:minor-bidi;}\r\n</style>\r\n<![endif]-->', '2017-09-15');

-- --------------------------------------------------------

--
-- Структура таблицы `news_img`
--

CREATE TABLE IF NOT EXISTS `news_img` (
  `id` int(11) NOT NULL,
  `path` varchar(255) NOT NULL,
  `news_id` int(11) NOT NULL
) ENGINE=InnoDB AUTO_INCREMENT=553 DEFAULT CHARSET=utf8;

--
-- Дамп данных таблицы `news_img`
--

INSERT INTO `news_img` (`id`, `path`, `news_id`) VALUES
(416, 'img_159_17059.jpg ', 159),
(417, 'img_159_14752.jpg ', 159),
(418, 'img_159_31065.jpg ', 159),
(419, 'img_159_31006.jpg ', 159),
(420, 'img_159_26111.jpg ', 159),
(421, 'img_159_20428.jpg ', 159),
(422, 'img_159_21013.jpg ', 159),
(423, 'img_159_2346.jpg ', 159),
(424, 'img_159_25371.jpg ', 159),
(425, 'img_159_7352.jpg ', 159),
(426, 'img_159_31377.jpg ', 159),
(427, 'img_159_3574.jpg ', 159),
(428, 'img_159_5623.jpg ', 159),
(429, 'img_159_19556.jpg ', 159),
(430, 'img_159_11981.jpg ', 159),
(431, 'img_159_4994.jpg ', 159),
(494, 'img_179_32153.jpg ', 179),
(495, 'img_179_18526.jpg ', 179),
(496, 'img_179_9279.jpg ', 179),
(500, 'img_189_13375.jpg ', 189),
(511, 'img_202_6959.jpg ', 202),
(512, 'img_205_18419.jpg ', 205),
(536, 'img_140_176.jpg ', 140),
(537, 'img_140_6953.jpg ', 140),
(538, 'img_158_32320.jpg ', 158),
(540, 'img_163_18545.jpg ', 163),
(541, 'img_163_30294.jpg ', 163),
(542, 'img_163_18135.jpg ', 163),
(543, 'img_163_23492.jpg ', 163),
(544, 'img_163_31405.jpg ', 163),
(545, 'img_163_8674.jpg ', 163),
(546, 'img_176_7785.jpg ', 176),
(547, 'img_177_32614.jpg ', 177),
(548, 'img_180_249.jpg ', 180),
(550, 'img_193_5976.jpg ', 193),
(552, 'img_184_4069.jpg ', 184);

--
-- Индексы сохранённых таблиц
--

--
-- Индексы таблицы `articles`
--
ALTER TABLE `articles`
  ADD PRIMARY KEY (`id`);

--
-- Индексы таблицы `articles_img`
--
ALTER TABLE `articles_img`
  ADD PRIMARY KEY (`id`);

--
-- Индексы таблицы `browsers`
--
ALTER TABLE `browsers`
  ADD PRIMARY KEY (`id`),
  ADD UNIQUE KEY `uniplatbrowver` (`platform`,`browser`,`version`) USING BTREE;

--
-- Индексы таблицы `building`
--
ALTER TABLE `building`
  ADD PRIMARY KEY (`id`);

--
-- Индексы таблицы `comments`
--
ALTER TABLE `comments`
  ADD PRIMARY KEY (`id`),
  ADD KEY `newsId` (`newsId`);

--
-- Индексы таблицы `news`
--
ALTER TABLE `news`
  ADD PRIMARY KEY (`id`);

--
-- Индексы таблицы `news_img`
--
ALTER TABLE `news_img`
  ADD PRIMARY KEY (`id`);

--
-- AUTO_INCREMENT для сохранённых таблиц
--

--
-- AUTO_INCREMENT для таблицы `articles`
--
ALTER TABLE `articles`
  MODIFY `id` int(11) NOT NULL AUTO_INCREMENT,AUTO_INCREMENT=9;
--
-- AUTO_INCREMENT для таблицы `articles_img`
--
ALTER TABLE `articles_img`
  MODIFY `id` int(11) NOT NULL AUTO_INCREMENT,AUTO_INCREMENT=4;
--
-- AUTO_INCREMENT для таблицы `browsers`
--
ALTER TABLE `browsers`
  MODIFY `id` int(11) NOT NULL AUTO_INCREMENT,AUTO_INCREMENT=15;
--
-- AUTO_INCREMENT для таблицы `building`
--
ALTER TABLE `building`
  MODIFY `id` int(11) NOT NULL AUTO_INCREMENT,AUTO_INCREMENT=3;
--
-- AUTO_INCREMENT для таблицы `comments`
--
ALTER TABLE `comments`
  MODIFY `id` int(11) NOT NULL AUTO_INCREMENT,AUTO_INCREMENT=283;
--
-- AUTO_INCREMENT для таблицы `news`
--
ALTER TABLE `news`
  MODIFY `id` int(11) NOT NULL AUTO_INCREMENT,AUTO_INCREMENT=193;
--
-- AUTO_INCREMENT для таблицы `news_img`
--
ALTER TABLE `news_img`
  MODIFY `id` int(11) NOT NULL AUTO_INCREMENT,AUTO_INCREMENT=553;
--
-- Ограничения внешнего ключа сохраненных таблиц
--

--
-- Ограничения внешнего ключа таблицы `comments`
--
ALTER TABLE `comments`
  ADD CONSTRAINT `comments_ibfk_1` FOREIGN KEY (`newsId`) REFERENCES `news` (`id`) ON DELETE CASCADE ON UPDATE CASCADE;

/*!40101 SET CHARACTER_SET_CLIENT=@OLD_CHARACTER_SET_CLIENT */;
/*!40101 SET CHARACTER_SET_RESULTS=@OLD_CHARACTER_SET_RESULTS */;
/*!40101 SET COLLATION_CONNECTION=@OLD_COLLATION_CONNECTION */;
